filename,path
IGHV10-1-01_IGHJ1-03_30_1,./output/fasta_for_GCTree_pipeline/all_samples/IGHV10-1-01_IGHJ1-03_30_1.fasta
IGHV10-1-01_IGHJ2-01_39_1,./output/fasta_for_GCTree_pipeline/all_samples/IGHV10-1-01_IGHJ2-01_39_1.fasta
IGHV10-1-01_IGHJ3-01_30_2,./output/fasta_for_GCTree_pipeline/all_samples/IGHV10-1-01_IGHJ3-01_30_2.fasta
IGHV10-1-01_IGHJ3-01_48_1,./output/fasta_for_GCTree_pipeline/all_samples/IGHV10-1-01_IGHJ3-01_48_1.fasta
IGHV10-3-01_IGHJ1-03_39_2,./output/fasta_for_GCTree_pipeline/all_samples/IGHV10-3-01_IGHJ1-03_39_2.fasta
IGHV10-3-01_IGHJ1-03_60_1,./output/fasta_for_GCTree_pipeline/all_samples/IGHV10-3-01_IGHJ1-03_60_1.fasta
IGHV10-3-01_IGHJ3-01_45_1,./output/fasta_for_GCTree_pipeline/all_samples/IGHV10-3-01_IGHJ3-01_45_1.fasta
IGHV10-3-01_IGHJ3-01_45_2,./output/fasta_for_GCTree_pipeline/all_samples/IGHV10-3-01_IGHJ3-01_45_2.fasta
IGHV10-3-01_IGHJ3-01_45_3,./output/fasta_for_GCTree_pipeline/all_samples/IGHV10-3-01_IGHJ3-01_45_3.fasta
IGHV10-3-01_IGHJ4-01_42_1,./output/fasta_for_GCTree_pipeline/all_samples/IGHV10-3-01_IGHJ4-01_42_1.fasta
IGHV10-3-01_IGHJ4-01_45_1,./output/fasta_for_GCTree_pipeline/all_samples/IGHV10-3-01_IGHJ4-01_45_1.fasta
IGHV10-3-02_IGHJ3-01_45_1,./output/fasta_for_GCTree_pipeline/all_samples/IGHV10-3-02_IGHJ3-01_45_1.fasta
IGHV1-12-01_IGHJ1-03_45_1,./output/fasta_for_GCTree_pipeline/all_samples/IGHV1-12-01_IGHJ1-03_45_1.fasta
IGHV1-12-01_IGHJ2-01_48_1,./output/fasta_for_GCTree_pipeline/all_samples/IGHV1-12-01_IGHJ2-01_48_1.fasta
IGHV1-12-01_IGHJ3-01_27_1,./output/fasta_for_GCTree_pipeline/all_samples/IGHV1-12-01_IGHJ3-01_27_1.fasta
IGHV1-12-01_IGHJ3-01_27_2,./output/fasta_for_GCTree_pipeline/all_samples/IGHV1-12-01_IGHJ3-01_27_2.fasta
IGHV1-12-01_IGHJ4-01_36_1,./output/fasta_for_GCTree_pipeline/all_samples/IGHV1-12-01_IGHJ4-01_36_1.fasta
IGHV1-12-01_IGHJ4-01_45_1,./output/fasta_for_GCTree_pipeline/all_samples/IGHV1-12-01_IGHJ4-01_45_1.fasta
IGHV1-15-01_IGHJ1-03_39_1,./output/fasta_for_GCTree_pipeline/all_samples/IGHV1-15-01_IGHJ1-03_39_1.fasta
IGHV1-15-01_IGHJ1-03_48_1,./output/fasta_for_GCTree_pipeline/all_samples/IGHV1-15-01_IGHJ1-03_48_1.fasta
IGHV1-15-01_IGHJ2-01_45_1,./output/fasta_for_GCTree_pipeline/all_samples/IGHV1-15-01_IGHJ2-01_45_1.fasta
IGHV1-15-01_IGHJ3-01_21_1,./output/fasta_for_GCTree_pipeline/all_samples/IGHV1-15-01_IGHJ3-01_21_1.fasta
IGHV1-15-01_IGHJ3-01_24_1,./output/fasta_for_GCTree_pipeline/all_samples/IGHV1-15-01_IGHJ3-01_24_1.fasta
IGHV1-15-01_IGHJ4-01_39_1,./output/fasta_for_GCTree_pipeline/all_samples/IGHV1-15-01_IGHJ4-01_39_1.fasta
IGHV1-15-01_IGHJ4-01_54_1,./output/fasta_for_GCTree_pipeline/all_samples/IGHV1-15-01_IGHJ4-01_54_1.fasta
IGHV1-18-01_IGHJ1-03_27_1,./output/fasta_for_GCTree_pipeline/all_samples/IGHV1-18-01_IGHJ1-03_27_1.fasta
IGHV1-18-01_IGHJ1-03_27_2,./output/fasta_for_GCTree_pipeline/all_samples/IGHV1-18-01_IGHJ1-03_27_2.fasta
IGHV1-18-01_IGHJ2-01_42_2,./output/fasta_for_GCTree_pipeline/all_samples/IGHV1-18-01_IGHJ2-01_42_2.fasta
IGHV1-18-01_IGHJ2-01_54_1,./output/fasta_for_GCTree_pipeline/all_samples/IGHV1-18-01_IGHJ2-01_54_1.fasta
IGHV1-18-01_IGHJ2-01_54_2,./output/fasta_for_GCTree_pipeline/all_samples/IGHV1-18-01_IGHJ2-01_54_2.fasta
IGHV1-18-01_IGHJ3-01_18_1,./output/fasta_for_GCTree_pipeline/all_samples/IGHV1-18-01_IGHJ3-01_18_1.fasta
IGHV1-18-01_IGHJ3-01_30_1,./output/fasta_for_GCTree_pipeline/all_samples/IGHV1-18-01_IGHJ3-01_30_1.fasta
IGHV1-18-01_IGHJ3-01_36_1,./output/fasta_for_GCTree_pipeline/all_samples/IGHV1-18-01_IGHJ3-01_36_1.fasta
IGHV1-18-01_IGHJ3-01_36_2,./output/fasta_for_GCTree_pipeline/all_samples/IGHV1-18-01_IGHJ3-01_36_2.fasta
IGHV1-18-01_IGHJ3-01_36_3,./output/fasta_for_GCTree_pipeline/all_samples/IGHV1-18-01_IGHJ3-01_36_3.fasta
IGHV1-18-01_IGHJ3-01_36_4,./output/fasta_for_GCTree_pipeline/all_samples/IGHV1-18-01_IGHJ3-01_36_4.fasta
IGHV1-18-01_IGHJ3-01_42_1,./output/fasta_for_GCTree_pipeline/all_samples/IGHV1-18-01_IGHJ3-01_42_1.fasta
IGHV1-18-01_IGHJ3-02_36_1,./output/fasta_for_GCTree_pipeline/all_samples/IGHV1-18-01_IGHJ3-02_36_1.fasta
IGHV1-18-01_IGHJ4-01_39_1,./output/fasta_for_GCTree_pipeline/all_samples/IGHV1-18-01_IGHJ4-01_39_1.fasta
IGHV1-18-01_IGHJ4-01_48_1,./output/fasta_for_GCTree_pipeline/all_samples/IGHV1-18-01_IGHJ4-01_48_1.fasta
IGHV1-18-01_IGHJ4-01_48_2,./output/fasta_for_GCTree_pipeline/all_samples/IGHV1-18-01_IGHJ4-01_48_2.fasta
IGHV1-18-01_IGHJ4-01_48_3,./output/fasta_for_GCTree_pipeline/all_samples/IGHV1-18-01_IGHJ4-01_48_3.fasta
IGHV1-19-01_IGHJ1-01_57_1,./output/fasta_for_GCTree_pipeline/all_samples/IGHV1-19-01_IGHJ1-01_57_1.fasta
IGHV1-19-01_IGHJ1-03_57_1,./output/fasta_for_GCTree_pipeline/all_samples/IGHV1-19-01_IGHJ1-03_57_1.fasta
IGHV1-19-01_IGHJ1-03_57_2,./output/fasta_for_GCTree_pipeline/all_samples/IGHV1-19-01_IGHJ1-03_57_2.fasta
IGHV1-19-01_IGHJ2-01_33_1,./output/fasta_for_GCTree_pipeline/all_samples/IGHV1-19-01_IGHJ2-01_33_1.fasta
IGHV1-19-01_IGHJ2-01_57_1,./output/fasta_for_GCTree_pipeline/all_samples/IGHV1-19-01_IGHJ2-01_57_1.fasta
IGHV1-19-01_IGHJ2-01_57_2,./output/fasta_for_GCTree_pipeline/all_samples/IGHV1-19-01_IGHJ2-01_57_2.fasta
IGHV1-19-01_IGHJ2-01_57_3,./output/fasta_for_GCTree_pipeline/all_samples/IGHV1-19-01_IGHJ2-01_57_3.fasta
IGHV1-19-01_IGHJ3-01_36_1,./output/fasta_for_GCTree_pipeline/all_samples/IGHV1-19-01_IGHJ3-01_36_1.fasta
IGHV1-19-01_IGHJ3-01_36_2,./output/fasta_for_GCTree_pipeline/all_samples/IGHV1-19-01_IGHJ3-01_36_2.fasta
IGHV1-19-01_IGHJ3-01_36_3,./output/fasta_for_GCTree_pipeline/all_samples/IGHV1-19-01_IGHJ3-01_36_3.fasta
IGHV1-19-01_IGHJ3-01_36_4,./output/fasta_for_GCTree_pipeline/all_samples/IGHV1-19-01_IGHJ3-01_36_4.fasta
IGHV1-19-01_IGHJ3-01_36_6,./output/fasta_for_GCTree_pipeline/all_samples/IGHV1-19-01_IGHJ3-01_36_6.fasta
IGHV1-19-01_IGHJ3-01_39_1,./output/fasta_for_GCTree_pipeline/all_samples/IGHV1-19-01_IGHJ3-01_39_1.fasta
IGHV1-19-01_IGHJ3-01_39_2,./output/fasta_for_GCTree_pipeline/all_samples/IGHV1-19-01_IGHJ3-01_39_2.fasta
IGHV1-19-01_IGHJ3-01_42_1,./output/fasta_for_GCTree_pipeline/all_samples/IGHV1-19-01_IGHJ3-01_42_1.fasta
IGHV1-19-01_IGHJ3-02_39_1,./output/fasta_for_GCTree_pipeline/all_samples/IGHV1-19-01_IGHJ3-02_39_1.fasta
IGHV1-19-01_IGHJ4-01_36_1,./output/fasta_for_GCTree_pipeline/all_samples/IGHV1-19-01_IGHJ4-01_36_1.fasta
IGHV1-19-01_IGHJ4-01_42_1,./output/fasta_for_GCTree_pipeline/all_samples/IGHV1-19-01_IGHJ4-01_42_1.fasta
IGHV1-22-01_IGHJ1-03_54_1,./output/fasta_for_GCTree_pipeline/all_samples/IGHV1-22-01_IGHJ1-03_54_1.fasta
IGHV1-22-01_IGHJ2-01_18_1,./output/fasta_for_GCTree_pipeline/all_samples/IGHV1-22-01_IGHJ2-01_18_1.fasta
IGHV1-22-01_IGHJ2-01_27_2,./output/fasta_for_GCTree_pipeline/all_samples/IGHV1-22-01_IGHJ2-01_27_2.fasta
IGHV1-22-01_IGHJ2-01_33_1,./output/fasta_for_GCTree_pipeline/all_samples/IGHV1-22-01_IGHJ2-01_33_1.fasta
IGHV1-22-01_IGHJ2-01_33_2,./output/fasta_for_GCTree_pipeline/all_samples/IGHV1-22-01_IGHJ2-01_33_2.fasta
IGHV1-22-01_IGHJ2-01_39_1,./output/fasta_for_GCTree_pipeline/all_samples/IGHV1-22-01_IGHJ2-01_39_1.fasta
IGHV1-22-01_IGHJ2-01_48_1,./output/fasta_for_GCTree_pipeline/all_samples/IGHV1-22-01_IGHJ2-01_48_1.fasta
IGHV1-22-01_IGHJ3-01_33_1,./output/fasta_for_GCTree_pipeline/all_samples/IGHV1-22-01_IGHJ3-01_33_1.fasta
IGHV1-22-01_IGHJ3-01_33_2,./output/fasta_for_GCTree_pipeline/all_samples/IGHV1-22-01_IGHJ3-01_33_2.fasta
IGHV1-22-01_IGHJ4-01_30_1,./output/fasta_for_GCTree_pipeline/all_samples/IGHV1-22-01_IGHJ4-01_30_1.fasta
IGHV1-22-01_IGHJ4-01_45_1,./output/fasta_for_GCTree_pipeline/all_samples/IGHV1-22-01_IGHJ4-01_45_1.fasta
IGHV1-22-01_IGHJ4-01_45_3,./output/fasta_for_GCTree_pipeline/all_samples/IGHV1-22-01_IGHJ4-01_45_3.fasta
IGHV12-3-01_IGHJ4-01_46_1,./output/fasta_for_GCTree_pipeline/all_samples/IGHV12-3-01_IGHJ4-01_46_1.fasta
IGHV1-26-01_IGHJ1-03_30_1,./output/fasta_for_GCTree_pipeline/all_samples/IGHV1-26-01_IGHJ1-03_30_1.fasta
IGHV1-26-01_IGHJ1-03_39_1,./output/fasta_for_GCTree_pipeline/all_samples/IGHV1-26-01_IGHJ1-03_39_1.fasta
IGHV1-26-01_IGHJ1-03_39_2,./output/fasta_for_GCTree_pipeline/all_samples/IGHV1-26-01_IGHJ1-03_39_2.fasta
IGHV1-26-01_IGHJ1-03_42_1,./output/fasta_for_GCTree_pipeline/all_samples/IGHV1-26-01_IGHJ1-03_42_1.fasta
IGHV1-26-01_IGHJ1-03_45_1,./output/fasta_for_GCTree_pipeline/all_samples/IGHV1-26-01_IGHJ1-03_45_1.fasta
IGHV1-26-01_IGHJ1-03_51_1,./output/fasta_for_GCTree_pipeline/all_samples/IGHV1-26-01_IGHJ1-03_51_1.fasta
IGHV1-26-01_IGHJ2-01_24_1,./output/fasta_for_GCTree_pipeline/all_samples/IGHV1-26-01_IGHJ2-01_24_1.fasta
IGHV1-26-01_IGHJ2-01_27_1,./output/fasta_for_GCTree_pipeline/all_samples/IGHV1-26-01_IGHJ2-01_27_1.fasta
IGHV1-26-01_IGHJ2-01_30_1,./output/fasta_for_GCTree_pipeline/all_samples/IGHV1-26-01_IGHJ2-01_30_1.fasta
IGHV1-26-01_IGHJ2-01_30_2,./output/fasta_for_GCTree_pipeline/all_samples/IGHV1-26-01_IGHJ2-01_30_2.fasta
IGHV1-26-01_IGHJ2-01_33_1,./output/fasta_for_GCTree_pipeline/all_samples/IGHV1-26-01_IGHJ2-01_33_1.fasta
IGHV1-26-01_IGHJ2-01_33_2,./output/fasta_for_GCTree_pipeline/all_samples/IGHV1-26-01_IGHJ2-01_33_2.fasta
IGHV1-26-01_IGHJ2-01_33_4,./output/fasta_for_GCTree_pipeline/all_samples/IGHV1-26-01_IGHJ2-01_33_4.fasta
IGHV1-26-01_IGHJ2-01_33_5,./output/fasta_for_GCTree_pipeline/all_samples/IGHV1-26-01_IGHJ2-01_33_5.fasta
IGHV1-26-01_IGHJ2-01_36_1,./output/fasta_for_GCTree_pipeline/all_samples/IGHV1-26-01_IGHJ2-01_36_1.fasta
IGHV1-26-01_IGHJ2-01_36_2,./output/fasta_for_GCTree_pipeline/all_samples/IGHV1-26-01_IGHJ2-01_36_2.fasta
IGHV1-26-01_IGHJ2-01_39_1,./output/fasta_for_GCTree_pipeline/all_samples/IGHV1-26-01_IGHJ2-01_39_1.fasta
IGHV1-26-01_IGHJ2-01_39_2,./output/fasta_for_GCTree_pipeline/all_samples/IGHV1-26-01_IGHJ2-01_39_2.fasta
IGHV1-26-01_IGHJ2-01_39_4,./output/fasta_for_GCTree_pipeline/all_samples/IGHV1-26-01_IGHJ2-01_39_4.fasta
IGHV1-26-01_IGHJ2-01_42_1,./output/fasta_for_GCTree_pipeline/all_samples/IGHV1-26-01_IGHJ2-01_42_1.fasta
IGHV1-26-01_IGHJ2-01_45_1,./output/fasta_for_GCTree_pipeline/all_samples/IGHV1-26-01_IGHJ2-01_45_1.fasta
IGHV1-26-01_IGHJ2-01_45_6,./output/fasta_for_GCTree_pipeline/all_samples/IGHV1-26-01_IGHJ2-01_45_6.fasta
IGHV1-26-01_IGHJ3-01_24_1,./output/fasta_for_GCTree_pipeline/all_samples/IGHV1-26-01_IGHJ3-01_24_1.fasta
IGHV1-26-01_IGHJ3-01_27_1,./output/fasta_for_GCTree_pipeline/all_samples/IGHV1-26-01_IGHJ3-01_27_1.fasta
IGHV1-26-01_IGHJ3-01_36_1,./output/fasta_for_GCTree_pipeline/all_samples/IGHV1-26-01_IGHJ3-01_36_1.fasta
IGHV1-26-01_IGHJ3-01_36_2,./output/fasta_for_GCTree_pipeline/all_samples/IGHV1-26-01_IGHJ3-01_36_2.fasta
IGHV1-26-01_IGHJ3-01_39_3,./output/fasta_for_GCTree_pipeline/all_samples/IGHV1-26-01_IGHJ3-01_39_3.fasta
IGHV1-26-01_IGHJ3-01_42_1,./output/fasta_for_GCTree_pipeline/all_samples/IGHV1-26-01_IGHJ3-01_42_1.fasta
IGHV1-26-01_IGHJ3-01_42_2,./output/fasta_for_GCTree_pipeline/all_samples/IGHV1-26-01_IGHJ3-01_42_2.fasta
IGHV1-26-01_IGHJ3-01_42_5,./output/fasta_for_GCTree_pipeline/all_samples/IGHV1-26-01_IGHJ3-01_42_5.fasta
IGHV1-26-01_IGHJ3-01_42_6,./output/fasta_for_GCTree_pipeline/all_samples/IGHV1-26-01_IGHJ3-01_42_6.fasta
IGHV1-26-01_IGHJ3-01_45_1,./output/fasta_for_GCTree_pipeline/all_samples/IGHV1-26-01_IGHJ3-01_45_1.fasta
IGHV1-26-01_IGHJ3-01_45_2,./output/fasta_for_GCTree_pipeline/all_samples/IGHV1-26-01_IGHJ3-01_45_2.fasta
IGHV1-26-01_IGHJ3-01_48_1,./output/fasta_for_GCTree_pipeline/all_samples/IGHV1-26-01_IGHJ3-01_48_1.fasta
IGHV1-26-01_IGHJ4-01_36_1,./output/fasta_for_GCTree_pipeline/all_samples/IGHV1-26-01_IGHJ4-01_36_1.fasta
IGHV1-26-01_IGHJ4-01_36_2,./output/fasta_for_GCTree_pipeline/all_samples/IGHV1-26-01_IGHJ4-01_36_2.fasta
IGHV1-26-01_IGHJ4-01_39_2,./output/fasta_for_GCTree_pipeline/all_samples/IGHV1-26-01_IGHJ4-01_39_2.fasta
IGHV1-26-01_IGHJ4-01_42_2,./output/fasta_for_GCTree_pipeline/all_samples/IGHV1-26-01_IGHJ4-01_42_2.fasta
IGHV1-26-01_IGHJ4-01_45_1,./output/fasta_for_GCTree_pipeline/all_samples/IGHV1-26-01_IGHJ4-01_45_1.fasta
IGHV1-26-01_IGHJ4-01_48_1,./output/fasta_for_GCTree_pipeline/all_samples/IGHV1-26-01_IGHJ4-01_48_1.fasta
IGHV1-26-01_IGHJ4-01_48_2,./output/fasta_for_GCTree_pipeline/all_samples/IGHV1-26-01_IGHJ4-01_48_2.fasta
IGHV1-26-01_IGHJ4-01_48_3,./output/fasta_for_GCTree_pipeline/all_samples/IGHV1-26-01_IGHJ4-01_48_3.fasta
IGHV1-26-01_IGHJ4-01_54_1,./output/fasta_for_GCTree_pipeline/all_samples/IGHV1-26-01_IGHJ4-01_54_1.fasta
IGHV1-26-01_IGHJ4-01_54_2,./output/fasta_for_GCTree_pipeline/all_samples/IGHV1-26-01_IGHJ4-01_54_2.fasta
IGHV1-31-01_IGHJ1-03_45_1,./output/fasta_for_GCTree_pipeline/all_samples/IGHV1-31-01_IGHJ1-03_45_1.fasta
IGHV1-31-01_IGHJ1-03_45_2,./output/fasta_for_GCTree_pipeline/all_samples/IGHV1-31-01_IGHJ1-03_45_2.fasta
IGHV1-31-01_IGHJ3-01_42_1,./output/fasta_for_GCTree_pipeline/all_samples/IGHV1-31-01_IGHJ3-01_42_1.fasta
IGHV1-31-01_IGHJ4-01_42_1,./output/fasta_for_GCTree_pipeline/all_samples/IGHV1-31-01_IGHJ4-01_42_1.fasta
IGHV13-2-01_IGHJ2-01_40_1,./output/fasta_for_GCTree_pipeline/all_samples/IGHV13-2-01_IGHJ2-01_40_1.fasta
IGHV13-2-01_IGHJ2-01_45_1,./output/fasta_for_GCTree_pipeline/all_samples/IGHV13-2-01_IGHJ2-01_45_1.fasta
IGHV13-2-01_IGHJ2-01_45_2,./output/fasta_for_GCTree_pipeline/all_samples/IGHV13-2-01_IGHJ2-01_45_2.fasta
IGHV13-2-01_IGHJ3-01_18_1,./output/fasta_for_GCTree_pipeline/all_samples/IGHV13-2-01_IGHJ3-01_18_1.fasta
IGHV13-2-01_IGHJ3-01_45_1,./output/fasta_for_GCTree_pipeline/all_samples/IGHV13-2-01_IGHJ3-01_45_1.fasta
IGHV13-2-01_IGHJ3-01_45_2,./output/fasta_for_GCTree_pipeline/all_samples/IGHV13-2-01_IGHJ3-01_45_2.fasta
IGHV13-2-01_IGHJ3-01_46_1,./output/fasta_for_GCTree_pipeline/all_samples/IGHV13-2-01_IGHJ3-01_46_1.fasta
IGHV13-2-02_IGHJ3-01_18_1,./output/fasta_for_GCTree_pipeline/all_samples/IGHV13-2-02_IGHJ3-01_18_1.fasta
IGHV1-34-01_IGHJ2-01_18_1,./output/fasta_for_GCTree_pipeline/all_samples/IGHV1-34-01_IGHJ2-01_18_1.fasta
IGHV1-34-01_IGHJ2-01_36_1,./output/fasta_for_GCTree_pipeline/all_samples/IGHV1-34-01_IGHJ2-01_36_1.fasta
IGHV1-34-01_IGHJ2-01_45_1,./output/fasta_for_GCTree_pipeline/all_samples/IGHV1-34-01_IGHJ2-01_45_1.fasta
IGHV1-34-01_IGHJ2-01_45_2,./output/fasta_for_GCTree_pipeline/all_samples/IGHV1-34-01_IGHJ2-01_45_2.fasta
IGHV1-39-01_IGHJ1-03_54_1,./output/fasta_for_GCTree_pipeline/all_samples/IGHV1-39-01_IGHJ1-03_54_1.fasta
IGHV1-39-01_IGHJ2-01_30_1,./output/fasta_for_GCTree_pipeline/all_samples/IGHV1-39-01_IGHJ2-01_30_1.fasta
IGHV1-39-01_IGHJ2-01_36_1,./output/fasta_for_GCTree_pipeline/all_samples/IGHV1-39-01_IGHJ2-01_36_1.fasta
IGHV1-39-01_IGHJ2-01_36_2,./output/fasta_for_GCTree_pipeline/all_samples/IGHV1-39-01_IGHJ2-01_36_2.fasta
IGHV1-39-01_IGHJ2-01_36_3,./output/fasta_for_GCTree_pipeline/all_samples/IGHV1-39-01_IGHJ2-01_36_3.fasta
IGHV1-39-01_IGHJ2-01_39_1,./output/fasta_for_GCTree_pipeline/all_samples/IGHV1-39-01_IGHJ2-01_39_1.fasta
IGHV1-39-01_IGHJ2-01_51_1,./output/fasta_for_GCTree_pipeline/all_samples/IGHV1-39-01_IGHJ2-01_51_1.fasta
IGHV1-39-01_IGHJ2-01_51_2,./output/fasta_for_GCTree_pipeline/all_samples/IGHV1-39-01_IGHJ2-01_51_2.fasta
IGHV1-39-01_IGHJ3-01_18_1,./output/fasta_for_GCTree_pipeline/all_samples/IGHV1-39-01_IGHJ3-01_18_1.fasta
IGHV1-39-01_IGHJ3-01_27_1,./output/fasta_for_GCTree_pipeline/all_samples/IGHV1-39-01_IGHJ3-01_27_1.fasta
IGHV1-39-01_IGHJ3-01_36_1,./output/fasta_for_GCTree_pipeline/all_samples/IGHV1-39-01_IGHJ3-01_36_1.fasta
IGHV1-39-01_IGHJ3-01_36_2,./output/fasta_for_GCTree_pipeline/all_samples/IGHV1-39-01_IGHJ3-01_36_2.fasta
IGHV1-39-01_IGHJ3-01_36_3,./output/fasta_for_GCTree_pipeline/all_samples/IGHV1-39-01_IGHJ3-01_36_3.fasta
IGHV1-39-01_IGHJ3-01_39_1,./output/fasta_for_GCTree_pipeline/all_samples/IGHV1-39-01_IGHJ3-01_39_1.fasta
IGHV1-39-01_IGHJ3-01_48_1,./output/fasta_for_GCTree_pipeline/all_samples/IGHV1-39-01_IGHJ3-01_48_1.fasta
IGHV1-39-01_IGHJ3-02_39_1,./output/fasta_for_GCTree_pipeline/all_samples/IGHV1-39-01_IGHJ3-02_39_1.fasta
IGHV1-39-01_IGHJ4-01_39_1,./output/fasta_for_GCTree_pipeline/all_samples/IGHV1-39-01_IGHJ4-01_39_1.fasta
IGHV1-39-01_IGHJ4-01_39_2,./output/fasta_for_GCTree_pipeline/all_samples/IGHV1-39-01_IGHJ4-01_39_2.fasta
IGHV1-39-01_IGHJ4-01_39_3,./output/fasta_for_GCTree_pipeline/all_samples/IGHV1-39-01_IGHJ4-01_39_3.fasta
IGHV1-39-01_IGHJ4-01_39_4,./output/fasta_for_GCTree_pipeline/all_samples/IGHV1-39-01_IGHJ4-01_39_4.fasta
IGHV1-39-01_IGHJ4-01_39_5,./output/fasta_for_GCTree_pipeline/all_samples/IGHV1-39-01_IGHJ4-01_39_5.fasta
IGHV1-39-01_IGHJ4-01_66_1,./output/fasta_for_GCTree_pipeline/all_samples/IGHV1-39-01_IGHJ4-01_66_1.fasta
IGHV1-4-01_IGHJ4-01_45_1,./output/fasta_for_GCTree_pipeline/all_samples/IGHV1-4-01_IGHJ4-01_45_1.fasta
IGHV14-1-01_IGHJ3-01_33_1,./output/fasta_for_GCTree_pipeline/all_samples/IGHV14-1-01_IGHJ3-01_33_1.fasta
IGHV14-1-01_IGHJ4-01_39_1,./output/fasta_for_GCTree_pipeline/all_samples/IGHV14-1-01_IGHJ4-01_39_1.fasta
IGHV14-2-01_IGHJ1-01_39_2,./output/fasta_for_GCTree_pipeline/all_samples/IGHV14-2-01_IGHJ1-01_39_2.fasta
IGHV14-2-01_IGHJ2-01_24_1,./output/fasta_for_GCTree_pipeline/all_samples/IGHV14-2-01_IGHJ2-01_24_1.fasta
IGHV14-2-01_IGHJ2-01_24_2,./output/fasta_for_GCTree_pipeline/all_samples/IGHV14-2-01_IGHJ2-01_24_2.fasta
IGHV14-2-01_IGHJ2-01_27_1,./output/fasta_for_GCTree_pipeline/all_samples/IGHV14-2-01_IGHJ2-01_27_1.fasta
IGHV1-42-01_IGHJ2-01_30_1,./output/fasta_for_GCTree_pipeline/all_samples/IGHV1-42-01_IGHJ2-01_30_1.fasta
IGHV14-2-01_IGHJ2-01_30_1,./output/fasta_for_GCTree_pipeline/all_samples/IGHV14-2-01_IGHJ2-01_30_1.fasta
IGHV1-42-01_IGHJ2-01_30_2,./output/fasta_for_GCTree_pipeline/all_samples/IGHV1-42-01_IGHJ2-01_30_2.fasta
IGHV14-2-01_IGHJ2-01_30_2,./output/fasta_for_GCTree_pipeline/all_samples/IGHV14-2-01_IGHJ2-01_30_2.fasta
IGHV1-42-01_IGHJ2-01_30_3,./output/fasta_for_GCTree_pipeline/all_samples/IGHV1-42-01_IGHJ2-01_30_3.fasta
IGHV14-2-01_IGHJ2-01_30_3,./output/fasta_for_GCTree_pipeline/all_samples/IGHV14-2-01_IGHJ2-01_30_3.fasta
IGHV14-2-01_IGHJ2-01_39_1,./output/fasta_for_GCTree_pipeline/all_samples/IGHV14-2-01_IGHJ2-01_39_1.fasta
IGHV14-2-01_IGHJ3-01_24_1,./output/fasta_for_GCTree_pipeline/all_samples/IGHV14-2-01_IGHJ3-01_24_1.fasta
IGHV14-2-01_IGHJ3-01_51_1,./output/fasta_for_GCTree_pipeline/all_samples/IGHV14-2-01_IGHJ3-01_51_1.fasta
IGHV14-2-01_IGHJ3-01_51_2,./output/fasta_for_GCTree_pipeline/all_samples/IGHV14-2-01_IGHJ3-01_51_2.fasta
IGHV14-2-01_IGHJ4-01_39_1,./output/fasta_for_GCTree_pipeline/all_samples/IGHV14-2-01_IGHJ4-01_39_1.fasta
IGHV14-3-01_IGHJ1-03_42_2,./output/fasta_for_GCTree_pipeline/all_samples/IGHV14-3-01_IGHJ1-03_42_2.fasta
IGHV14-3-01_IGHJ2-01_30_1,./output/fasta_for_GCTree_pipeline/all_samples/IGHV14-3-01_IGHJ2-01_30_1.fasta
IGHV14-3-01_IGHJ2-01_36_1,./output/fasta_for_GCTree_pipeline/all_samples/IGHV14-3-01_IGHJ2-01_36_1.fasta
IGHV14-3-01_IGHJ2-01_36_2,./output/fasta_for_GCTree_pipeline/all_samples/IGHV14-3-01_IGHJ2-01_36_2.fasta
IGHV14-3-01_IGHJ2-01_36_4,./output/fasta_for_GCTree_pipeline/all_samples/IGHV14-3-01_IGHJ2-01_36_4.fasta
IGHV14-3-01_IGHJ2-01_39_1,./output/fasta_for_GCTree_pipeline/all_samples/IGHV14-3-01_IGHJ2-01_39_1.fasta
IGHV14-3-01_IGHJ2-01_48_1,./output/fasta_for_GCTree_pipeline/all_samples/IGHV14-3-01_IGHJ2-01_48_1.fasta
IGHV14-3-01_IGHJ2-02_48_2,./output/fasta_for_GCTree_pipeline/all_samples/IGHV14-3-01_IGHJ2-02_48_2.fasta
IGHV14-3-01_IGHJ3-01_33_2,./output/fasta_for_GCTree_pipeline/all_samples/IGHV14-3-01_IGHJ3-01_33_2.fasta
IGHV14-3-01_IGHJ3-01_39_1,./output/fasta_for_GCTree_pipeline/all_samples/IGHV14-3-01_IGHJ3-01_39_1.fasta
IGHV14-3-01_IGHJ3-01_39_2,./output/fasta_for_GCTree_pipeline/all_samples/IGHV14-3-01_IGHJ3-01_39_2.fasta
IGHV14-3-01_IGHJ3-01_39_3,./output/fasta_for_GCTree_pipeline/all_samples/IGHV14-3-01_IGHJ3-01_39_3.fasta
IGHV14-3-01_IGHJ3-01_39_4,./output/fasta_for_GCTree_pipeline/all_samples/IGHV14-3-01_IGHJ3-01_39_4.fasta
IGHV14-3-01_IGHJ4-01_21_1,./output/fasta_for_GCTree_pipeline/all_samples/IGHV14-3-01_IGHJ4-01_21_1.fasta
IGHV14-3-01_IGHJ4-01_36_1,./output/fasta_for_GCTree_pipeline/all_samples/IGHV14-3-01_IGHJ4-01_36_1.fasta
IGHV14-3-01_IGHJ4-01_39_2,./output/fasta_for_GCTree_pipeline/all_samples/IGHV14-3-01_IGHJ4-01_39_2.fasta
IGHV14-3-01_IGHJ4-01_39_3,./output/fasta_for_GCTree_pipeline/all_samples/IGHV14-3-01_IGHJ4-01_39_3.fasta
IGHV14-3-01_IGHJ4-01_42_1,./output/fasta_for_GCTree_pipeline/all_samples/IGHV14-3-01_IGHJ4-01_42_1.fasta
IGHV14-4-01_IGHJ2-01_39_1,./output/fasta_for_GCTree_pipeline/all_samples/IGHV14-4-01_IGHJ2-01_39_1.fasta
IGHV14-4-01_IGHJ2-01_39_2,./output/fasta_for_GCTree_pipeline/all_samples/IGHV14-4-01_IGHJ2-01_39_2.fasta
IGHV1-47-01_IGHJ1-03_45_1,./output/fasta_for_GCTree_pipeline/all_samples/IGHV1-47-01_IGHJ1-03_45_1.fasta
IGHV1-47-01_IGHJ1-03_45_2,./output/fasta_for_GCTree_pipeline/all_samples/IGHV1-47-01_IGHJ1-03_45_2.fasta
IGHV1-47-01_IGHJ3-01_39_1,./output/fasta_for_GCTree_pipeline/all_samples/IGHV1-47-01_IGHJ3-01_39_1.fasta
IGHV1-47-01_IGHJ3-01_39_2,./output/fasta_for_GCTree_pipeline/all_samples/IGHV1-47-01_IGHJ3-01_39_2.fasta
IGHV1-47-01_IGHJ4-01_42_1,./output/fasta_for_GCTree_pipeline/all_samples/IGHV1-47-01_IGHJ4-01_42_1.fasta
IGHV1-50-01_IGHJ1-03_45_1,./output/fasta_for_GCTree_pipeline/all_samples/IGHV1-50-01_IGHJ1-03_45_1.fasta
IGHV1-50-01_IGHJ2-01_42_1,./output/fasta_for_GCTree_pipeline/all_samples/IGHV1-50-01_IGHJ2-01_42_1.fasta
IGHV1-50-01_IGHJ2-01_45_1,./output/fasta_for_GCTree_pipeline/all_samples/IGHV1-50-01_IGHJ2-01_45_1.fasta
IGHV1-50-01_IGHJ3-01_27_1,./output/fasta_for_GCTree_pipeline/all_samples/IGHV1-50-01_IGHJ3-01_27_1.fasta
IGHV1-50-01_IGHJ3-01_36_1,./output/fasta_for_GCTree_pipeline/all_samples/IGHV1-50-01_IGHJ3-01_36_1.fasta
IGHV1-50-01_IGHJ4-01_42_1,./output/fasta_for_GCTree_pipeline/all_samples/IGHV1-50-01_IGHJ4-01_42_1.fasta
IGHV1-50-01_IGHJ4-01_54_1,./output/fasta_for_GCTree_pipeline/all_samples/IGHV1-50-01_IGHJ4-01_54_1.fasta
IGHV1-5-01_IGHJ2-01_33_1,./output/fasta_for_GCTree_pipeline/all_samples/IGHV1-5-01_IGHJ2-01_33_1.fasta
IGHV1-5-01_IGHJ3-01_33_1,./output/fasta_for_GCTree_pipeline/all_samples/IGHV1-5-01_IGHJ3-01_33_1.fasta
IGHV1-5-01_IGHJ3-01_33_2,./output/fasta_for_GCTree_pipeline/all_samples/IGHV1-5-01_IGHJ3-01_33_2.fasta
IGHV1-5-01_IGHJ3-01_39_1,./output/fasta_for_GCTree_pipeline/all_samples/IGHV1-5-01_IGHJ3-01_39_1.fasta
IGHV1-5-01_IGHJ4-01_42_1,./output/fasta_for_GCTree_pipeline/all_samples/IGHV1-5-01_IGHJ4-01_42_1.fasta
IGHV1-52-01_IGHJ2-01_42_1,./output/fasta_for_GCTree_pipeline/all_samples/IGHV1-52-01_IGHJ2-01_42_1.fasta
IGHV1-52-01_IGHJ2-01_42_2,./output/fasta_for_GCTree_pipeline/all_samples/IGHV1-52-01_IGHJ2-01_42_2.fasta
IGHV1-52-01_IGHJ3-01_36_1,./output/fasta_for_GCTree_pipeline/all_samples/IGHV1-52-01_IGHJ3-01_36_1.fasta
IGHV1-52-01_IGHJ3-01_36_2,./output/fasta_for_GCTree_pipeline/all_samples/IGHV1-52-01_IGHJ3-01_36_2.fasta
IGHV1-52-01_IGHJ3-01_36_3,./output/fasta_for_GCTree_pipeline/all_samples/IGHV1-52-01_IGHJ3-01_36_3.fasta
IGHV1-52-01_IGHJ3-01_42_1,./output/fasta_for_GCTree_pipeline/all_samples/IGHV1-52-01_IGHJ3-01_42_1.fasta
IGHV1-52-01_IGHJ4-01_36_1,./output/fasta_for_GCTree_pipeline/all_samples/IGHV1-52-01_IGHJ4-01_36_1.fasta
IGHV1-52-01_IGHJ4-01_36_2,./output/fasta_for_GCTree_pipeline/all_samples/IGHV1-52-01_IGHJ4-01_36_2.fasta
IGHV1-52-01_IGHJ4-01_36_3,./output/fasta_for_GCTree_pipeline/all_samples/IGHV1-52-01_IGHJ4-01_36_3.fasta
IGHV1-52-01_IGHJ4-01_57_1,./output/fasta_for_GCTree_pipeline/all_samples/IGHV1-52-01_IGHJ4-01_57_1.fasta
IGHV1-53-01_IGHJ1-01_57_1,./output/fasta_for_GCTree_pipeline/all_samples/IGHV1-53-01_IGHJ1-01_57_1.fasta
IGHV1-53-01_IGHJ1-03_39_1,./output/fasta_for_GCTree_pipeline/all_samples/IGHV1-53-01_IGHJ1-03_39_1.fasta
IGHV1-53-01_IGHJ1-03_42_1,./output/fasta_for_GCTree_pipeline/all_samples/IGHV1-53-01_IGHJ1-03_42_1.fasta
IGHV1-53-01_IGHJ1-03_45_1,./output/fasta_for_GCTree_pipeline/all_samples/IGHV1-53-01_IGHJ1-03_45_1.fasta
IGHV1-53-01_IGHJ1-03_57_1,./output/fasta_for_GCTree_pipeline/all_samples/IGHV1-53-01_IGHJ1-03_57_1.fasta
IGHV1-53-01_IGHJ2-01_30_1,./output/fasta_for_GCTree_pipeline/all_samples/IGHV1-53-01_IGHJ2-01_30_1.fasta
IGHV1-53-01_IGHJ2-01_33_1,./output/fasta_for_GCTree_pipeline/all_samples/IGHV1-53-01_IGHJ2-01_33_1.fasta
IGHV1-53-01_IGHJ2-01_33_2,./output/fasta_for_GCTree_pipeline/all_samples/IGHV1-53-01_IGHJ2-01_33_2.fasta
IGHV1-53-01_IGHJ2-01_42_1,./output/fasta_for_GCTree_pipeline/all_samples/IGHV1-53-01_IGHJ2-01_42_1.fasta
IGHV1-53-01_IGHJ2-01_42_2,./output/fasta_for_GCTree_pipeline/all_samples/IGHV1-53-01_IGHJ2-01_42_2.fasta
IGHV1-53-01_IGHJ2-01_48_1,./output/fasta_for_GCTree_pipeline/all_samples/IGHV1-53-01_IGHJ2-01_48_1.fasta
IGHV1-53-01_IGHJ3-01_27_1,./output/fasta_for_GCTree_pipeline/all_samples/IGHV1-53-01_IGHJ3-01_27_1.fasta
IGHV1-53-01_IGHJ3-01_36_1,./output/fasta_for_GCTree_pipeline/all_samples/IGHV1-53-01_IGHJ3-01_36_1.fasta
IGHV1-53-01_IGHJ3-01_36_2,./output/fasta_for_GCTree_pipeline/all_samples/IGHV1-53-01_IGHJ3-01_36_2.fasta
IGHV1-53-01_IGHJ3-01_39_1,./output/fasta_for_GCTree_pipeline/all_samples/IGHV1-53-01_IGHJ3-01_39_1.fasta
IGHV1-53-01_IGHJ3-01_39_2,./output/fasta_for_GCTree_pipeline/all_samples/IGHV1-53-01_IGHJ3-01_39_2.fasta
IGHV1-53-01_IGHJ3-01_39_3,./output/fasta_for_GCTree_pipeline/all_samples/IGHV1-53-01_IGHJ3-01_39_3.fasta
IGHV1-53-01_IGHJ3-01_39_4,./output/fasta_for_GCTree_pipeline/all_samples/IGHV1-53-01_IGHJ3-01_39_4.fasta
IGHV1-53-01_IGHJ3-01_39_7,./output/fasta_for_GCTree_pipeline/all_samples/IGHV1-53-01_IGHJ3-01_39_7.fasta
IGHV1-53-01_IGHJ3-01_42_1,./output/fasta_for_GCTree_pipeline/all_samples/IGHV1-53-01_IGHJ3-01_42_1.fasta
IGHV1-53-01_IGHJ3-01_42_2,./output/fasta_for_GCTree_pipeline/all_samples/IGHV1-53-01_IGHJ3-01_42_2.fasta
IGHV1-53-01_IGHJ3-01_42_3,./output/fasta_for_GCTree_pipeline/all_samples/IGHV1-53-01_IGHJ3-01_42_3.fasta
IGHV1-53-01_IGHJ3-01_42_4,./output/fasta_for_GCTree_pipeline/all_samples/IGHV1-53-01_IGHJ3-01_42_4.fasta
IGHV1-53-01_IGHJ3-01_45_1,./output/fasta_for_GCTree_pipeline/all_samples/IGHV1-53-01_IGHJ3-01_45_1.fasta
IGHV1-53-01_IGHJ3-01_45_2,./output/fasta_for_GCTree_pipeline/all_samples/IGHV1-53-01_IGHJ3-01_45_2.fasta
IGHV1-53-01_IGHJ3-01_45_3,./output/fasta_for_GCTree_pipeline/all_samples/IGHV1-53-01_IGHJ3-01_45_3.fasta
IGHV1-53-01_IGHJ3-01_51_1,./output/fasta_for_GCTree_pipeline/all_samples/IGHV1-53-01_IGHJ3-01_51_1.fasta
IGHV1-53-01_IGHJ3-02_42_1,./output/fasta_for_GCTree_pipeline/all_samples/IGHV1-53-01_IGHJ3-02_42_1.fasta
IGHV1-53-01_IGHJ4-01_36_2,./output/fasta_for_GCTree_pipeline/all_samples/IGHV1-53-01_IGHJ4-01_36_2.fasta
IGHV1-53-01_IGHJ4-01_42_1,./output/fasta_for_GCTree_pipeline/all_samples/IGHV1-53-01_IGHJ4-01_42_1.fasta
IGHV1-53-01_IGHJ4-01_42_2,./output/fasta_for_GCTree_pipeline/all_samples/IGHV1-53-01_IGHJ4-01_42_2.fasta
IGHV1-53-01_IGHJ4-01_45_1,./output/fasta_for_GCTree_pipeline/all_samples/IGHV1-53-01_IGHJ4-01_45_1.fasta
IGHV1-53-01_IGHJ4-01_45_2,./output/fasta_for_GCTree_pipeline/all_samples/IGHV1-53-01_IGHJ4-01_45_2.fasta
IGHV1-53-03_IGHJ3-01_18_1,./output/fasta_for_GCTree_pipeline/all_samples/IGHV1-53-03_IGHJ3-01_18_1.fasta
IGHV1-54-01_IGHJ2-01_30_1,./output/fasta_for_GCTree_pipeline/all_samples/IGHV1-54-01_IGHJ2-01_30_1.fasta
IGHV1-54-01_IGHJ3-01_36_1,./output/fasta_for_GCTree_pipeline/all_samples/IGHV1-54-01_IGHJ3-01_36_1.fasta
IGHV1-54-01_IGHJ4-01_39_1,./output/fasta_for_GCTree_pipeline/all_samples/IGHV1-54-01_IGHJ4-01_39_1.fasta
IGHV1-54-01_IGHJ4-01_60_1,./output/fasta_for_GCTree_pipeline/all_samples/IGHV1-54-01_IGHJ4-01_60_1.fasta
IGHV1-55-01_IGHJ1-03_42_1,./output/fasta_for_GCTree_pipeline/all_samples/IGHV1-55-01_IGHJ1-03_42_1.fasta
IGHV1-55-01_IGHJ1-03_45_1,./output/fasta_for_GCTree_pipeline/all_samples/IGHV1-55-01_IGHJ1-03_45_1.fasta
IGHV1-55-01_IGHJ1-03_45_2,./output/fasta_for_GCTree_pipeline/all_samples/IGHV1-55-01_IGHJ1-03_45_2.fasta
IGHV1-55-01_IGHJ1-03_45_4,./output/fasta_for_GCTree_pipeline/all_samples/IGHV1-55-01_IGHJ1-03_45_4.fasta
IGHV1-55-01_IGHJ1-03_54_2,./output/fasta_for_GCTree_pipeline/all_samples/IGHV1-55-01_IGHJ1-03_54_2.fasta
IGHV1-55-01_IGHJ2-01_33_2,./output/fasta_for_GCTree_pipeline/all_samples/IGHV1-55-01_IGHJ2-01_33_2.fasta
IGHV1-55-01_IGHJ2-01_36_1,./output/fasta_for_GCTree_pipeline/all_samples/IGHV1-55-01_IGHJ2-01_36_1.fasta
IGHV1-55-01_IGHJ2-01_42_1,./output/fasta_for_GCTree_pipeline/all_samples/IGHV1-55-01_IGHJ2-01_42_1.fasta
IGHV1-55-01_IGHJ2-01_45_1,./output/fasta_for_GCTree_pipeline/all_samples/IGHV1-55-01_IGHJ2-01_45_1.fasta
IGHV1-55-01_IGHJ2-01_48_1,./output/fasta_for_GCTree_pipeline/all_samples/IGHV1-55-01_IGHJ2-01_48_1.fasta
IGHV1-55-01_IGHJ2-02_45_1,./output/fasta_for_GCTree_pipeline/all_samples/IGHV1-55-01_IGHJ2-02_45_1.fasta
IGHV1-55-01_IGHJ3-01_45_1,./output/fasta_for_GCTree_pipeline/all_samples/IGHV1-55-01_IGHJ3-01_45_1.fasta
IGHV1-55-01_IGHJ4-01_18_1,./output/fasta_for_GCTree_pipeline/all_samples/IGHV1-55-01_IGHJ4-01_18_1.fasta
IGHV1-55-01_IGHJ4-01_39_1,./output/fasta_for_GCTree_pipeline/all_samples/IGHV1-55-01_IGHJ4-01_39_1.fasta
IGHV1-55-01_IGHJ4-01_42_1,./output/fasta_for_GCTree_pipeline/all_samples/IGHV1-55-01_IGHJ4-01_42_1.fasta
IGHV1-55-01_IGHJ4-01_42_2,./output/fasta_for_GCTree_pipeline/all_samples/IGHV1-55-01_IGHJ4-01_42_2.fasta
IGHV1-55-01_IGHJ4-01_45_2,./output/fasta_for_GCTree_pipeline/all_samples/IGHV1-55-01_IGHJ4-01_45_2.fasta
IGHV1-55-01_IGHJ4-01_45_3,./output/fasta_for_GCTree_pipeline/all_samples/IGHV1-55-01_IGHJ4-01_45_3.fasta
IGHV1-55-01_IGHJ4-01_48_1,./output/fasta_for_GCTree_pipeline/all_samples/IGHV1-55-01_IGHJ4-01_48_1.fasta
IGHV1-55-01_IGHJ4-01_48_2,./output/fasta_for_GCTree_pipeline/all_samples/IGHV1-55-01_IGHJ4-01_48_2.fasta
IGHV1-55-01_IGHJ4-01_54_1,./output/fasta_for_GCTree_pipeline/all_samples/IGHV1-55-01_IGHJ4-01_54_1.fasta
IGHV1-55-01_IGHJ4-01_54_2,./output/fasta_for_GCTree_pipeline/all_samples/IGHV1-55-01_IGHJ4-01_54_2.fasta
IGHV1-55-01_IGHJ4-01_60_1,./output/fasta_for_GCTree_pipeline/all_samples/IGHV1-55-01_IGHJ4-01_60_1.fasta
IGHV1-55-01_IGHJ4-01_60_2,./output/fasta_for_GCTree_pipeline/all_samples/IGHV1-55-01_IGHJ4-01_60_2.fasta
IGHV1-56-01_IGHJ4-01_18_1,./output/fasta_for_GCTree_pipeline/all_samples/IGHV1-56-01_IGHJ4-01_18_1.fasta
IGHV1-56-01_IGHJ4-01_45_1,./output/fasta_for_GCTree_pipeline/all_samples/IGHV1-56-01_IGHJ4-01_45_1.fasta
IGHV1-56-01_IGHJ4-01_45_2,./output/fasta_for_GCTree_pipeline/all_samples/IGHV1-56-01_IGHJ4-01_45_2.fasta
IGHV1-56-01_IGHJ4-01_45_3,./output/fasta_for_GCTree_pipeline/all_samples/IGHV1-56-01_IGHJ4-01_45_3.fasta
IGHV1-58-01_IGHJ2-01_33_1,./output/fasta_for_GCTree_pipeline/all_samples/IGHV1-58-01_IGHJ2-01_33_1.fasta
IGHV1-58-01_IGHJ2-01_33_2,./output/fasta_for_GCTree_pipeline/all_samples/IGHV1-58-01_IGHJ2-01_33_2.fasta
IGHV1-58-01_IGHJ2-01_33_3,./output/fasta_for_GCTree_pipeline/all_samples/IGHV1-58-01_IGHJ2-01_33_3.fasta
IGHV1-58-01_IGHJ2-01_36_1,./output/fasta_for_GCTree_pipeline/all_samples/IGHV1-58-01_IGHJ2-01_36_1.fasta
IGHV1-58-01_IGHJ4-01_36_1,./output/fasta_for_GCTree_pipeline/all_samples/IGHV1-58-01_IGHJ4-01_36_1.fasta
IGHV1-58-01_IGHJ4-01_48_1,./output/fasta_for_GCTree_pipeline/all_samples/IGHV1-58-01_IGHJ4-01_48_1.fasta
IGHV1-59-01_IGHJ1-03_42_1,./output/fasta_for_GCTree_pipeline/all_samples/IGHV1-59-01_IGHJ1-03_42_1.fasta
IGHV1-59-01_IGHJ2-01_30_1,./output/fasta_for_GCTree_pipeline/all_samples/IGHV1-59-01_IGHJ2-01_30_1.fasta
IGHV1-59-01_IGHJ2-01_39_1,./output/fasta_for_GCTree_pipeline/all_samples/IGHV1-59-01_IGHJ2-01_39_1.fasta
IGHV1-59-01_IGHJ2-01_45_1,./output/fasta_for_GCTree_pipeline/all_samples/IGHV1-59-01_IGHJ2-01_45_1.fasta
IGHV1-59-01_IGHJ3-01_27_1,./output/fasta_for_GCTree_pipeline/all_samples/IGHV1-59-01_IGHJ3-01_27_1.fasta
IGHV1-59-01_IGHJ3-01_27_2,./output/fasta_for_GCTree_pipeline/all_samples/IGHV1-59-01_IGHJ3-01_27_2.fasta
IGHV1-59-01_IGHJ3-01_27_3,./output/fasta_for_GCTree_pipeline/all_samples/IGHV1-59-01_IGHJ3-01_27_3.fasta
IGHV1-59-01_IGHJ3-01_36_1,./output/fasta_for_GCTree_pipeline/all_samples/IGHV1-59-01_IGHJ3-01_36_1.fasta
IGHV1-59-01_IGHJ3-01_42_1,./output/fasta_for_GCTree_pipeline/all_samples/IGHV1-59-01_IGHJ3-01_42_1.fasta
IGHV1-59-01_IGHJ3-01_42_2,./output/fasta_for_GCTree_pipeline/all_samples/IGHV1-59-01_IGHJ3-01_42_2.fasta
IGHV1-59-01_IGHJ3-01_42_3,./output/fasta_for_GCTree_pipeline/all_samples/IGHV1-59-01_IGHJ3-01_42_3.fasta
IGHV1-59-01_IGHJ3-02_27_1,./output/fasta_for_GCTree_pipeline/all_samples/IGHV1-59-01_IGHJ3-02_27_1.fasta
IGHV1-59-01_IGHJ4-01_36_2,./output/fasta_for_GCTree_pipeline/all_samples/IGHV1-59-01_IGHJ4-01_36_2.fasta
IGHV1-59-01_IGHJ4-01_39_1,./output/fasta_for_GCTree_pipeline/all_samples/IGHV1-59-01_IGHJ4-01_39_1.fasta
IGHV1-59-01_IGHJ4-01_39_2,./output/fasta_for_GCTree_pipeline/all_samples/IGHV1-59-01_IGHJ4-01_39_2.fasta
IGHV1-59-01_IGHJ4-01_42_2,./output/fasta_for_GCTree_pipeline/all_samples/IGHV1-59-01_IGHJ4-01_42_2.fasta
IGHV1-59-01_IGHJ4-01_48_1,./output/fasta_for_GCTree_pipeline/all_samples/IGHV1-59-01_IGHJ4-01_48_1.fasta
IGHV1-59-01_IGHJ4-01_48_2,./output/fasta_for_GCTree_pipeline/all_samples/IGHV1-59-01_IGHJ4-01_48_2.fasta
IGHV1-59-01_IGHJ4-01_60_1,./output/fasta_for_GCTree_pipeline/all_samples/IGHV1-59-01_IGHJ4-01_60_1.fasta
IGHV1-61-01_IGHJ1-03_51_1,./output/fasta_for_GCTree_pipeline/all_samples/IGHV1-61-01_IGHJ1-03_51_1.fasta
IGHV1-61-01_IGHJ2-01_33_1,./output/fasta_for_GCTree_pipeline/all_samples/IGHV1-61-01_IGHJ2-01_33_1.fasta
IGHV1-61-01_IGHJ2-01_42_1,./output/fasta_for_GCTree_pipeline/all_samples/IGHV1-61-01_IGHJ2-01_42_1.fasta
IGHV1-61-01_IGHJ4-01_36_1,./output/fasta_for_GCTree_pipeline/all_samples/IGHV1-61-01_IGHJ4-01_36_1.fasta
IGHV1-62_IGHJ1-03_39_1,./output/fasta_for_GCTree_pipeline/all_samples/IGHV1-62_IGHJ1-03_39_1.fasta
IGHV1-62_IGHJ2-01_27_1,./output/fasta_for_GCTree_pipeline/all_samples/IGHV1-62_IGHJ2-01_27_1.fasta
IGHV1-62_IGHJ2-01_27_2,./output/fasta_for_GCTree_pipeline/all_samples/IGHV1-62_IGHJ2-01_27_2.fasta
IGHV1-62_IGHJ2-01_33_1,./output/fasta_for_GCTree_pipeline/all_samples/IGHV1-62_IGHJ2-01_33_1.fasta
IGHV1-62_IGHJ2-01_33_2,./output/fasta_for_GCTree_pipeline/all_samples/IGHV1-62_IGHJ2-01_33_2.fasta
IGHV1-62_IGHJ2-01_33_3,./output/fasta_for_GCTree_pipeline/all_samples/IGHV1-62_IGHJ2-01_33_3.fasta
IGHV1-62_IGHJ2-01_33_5,./output/fasta_for_GCTree_pipeline/all_samples/IGHV1-62_IGHJ2-01_33_5.fasta
IGHV1-62_IGHJ2-01_33_6,./output/fasta_for_GCTree_pipeline/all_samples/IGHV1-62_IGHJ2-01_33_6.fasta
IGHV1-62_IGHJ2-01_37_1,./output/fasta_for_GCTree_pipeline/all_samples/IGHV1-62_IGHJ2-01_37_1.fasta
IGHV1-62_IGHJ2-01_42_1,./output/fasta_for_GCTree_pipeline/all_samples/IGHV1-62_IGHJ2-01_42_1.fasta
IGHV1-62_IGHJ2-01_42_2,./output/fasta_for_GCTree_pipeline/all_samples/IGHV1-62_IGHJ2-01_42_2.fasta
IGHV1-62_IGHJ2-01_54_1,./output/fasta_for_GCTree_pipeline/all_samples/IGHV1-62_IGHJ2-01_54_1.fasta
IGHV1-62_IGHJ2-01_58_1,./output/fasta_for_GCTree_pipeline/all_samples/IGHV1-62_IGHJ2-01_58_1.fasta
IGHV1-62_IGHJ3-01_39_1,./output/fasta_for_GCTree_pipeline/all_samples/IGHV1-62_IGHJ3-01_39_1.fasta
IGHV1-62_IGHJ3-01_42_2,./output/fasta_for_GCTree_pipeline/all_samples/IGHV1-62_IGHJ3-01_42_2.fasta
IGHV1-62_IGHJ3-01_54_1,./output/fasta_for_GCTree_pipeline/all_samples/IGHV1-62_IGHJ3-01_54_1.fasta
IGHV1-62_IGHJ3-02_27_1,./output/fasta_for_GCTree_pipeline/all_samples/IGHV1-62_IGHJ3-02_27_1.fasta
IGHV1-62_IGHJ4-01_45_1,./output/fasta_for_GCTree_pipeline/all_samples/IGHV1-62_IGHJ4-01_45_1.fasta
IGHV1-63-01_IGHJ2-02_45_1,./output/fasta_for_GCTree_pipeline/all_samples/IGHV1-63-01_IGHJ2-02_45_1.fasta
IGHV1-64-01_IGHJ1-03_45_1,./output/fasta_for_GCTree_pipeline/all_samples/IGHV1-64-01_IGHJ1-03_45_1.fasta
IGHV1-64-01_IGHJ2-01_36_1,./output/fasta_for_GCTree_pipeline/all_samples/IGHV1-64-01_IGHJ2-01_36_1.fasta
IGHV1-64-01_IGHJ2-01_39_1,./output/fasta_for_GCTree_pipeline/all_samples/IGHV1-64-01_IGHJ2-01_39_1.fasta
IGHV1-64-01_IGHJ2-01_39_2,./output/fasta_for_GCTree_pipeline/all_samples/IGHV1-64-01_IGHJ2-01_39_2.fasta
IGHV1-64-01_IGHJ2-01_48_1,./output/fasta_for_GCTree_pipeline/all_samples/IGHV1-64-01_IGHJ2-01_48_1.fasta
IGHV1-64-01_IGHJ2-01_51_1,./output/fasta_for_GCTree_pipeline/all_samples/IGHV1-64-01_IGHJ2-01_51_1.fasta
IGHV1-64-01_IGHJ3-01_36_1,./output/fasta_for_GCTree_pipeline/all_samples/IGHV1-64-01_IGHJ3-01_36_1.fasta
IGHV1-64-01_IGHJ3-01_36_2,./output/fasta_for_GCTree_pipeline/all_samples/IGHV1-64-01_IGHJ3-01_36_2.fasta
IGHV1-64-01_IGHJ3-01_39_1,./output/fasta_for_GCTree_pipeline/all_samples/IGHV1-64-01_IGHJ3-01_39_1.fasta
IGHV1-64-01_IGHJ4-01_48_1,./output/fasta_for_GCTree_pipeline/all_samples/IGHV1-64-01_IGHJ4-01_48_1.fasta
IGHV1-64-01_IGHJ4-01_48_2,./output/fasta_for_GCTree_pipeline/all_samples/IGHV1-64-01_IGHJ4-01_48_2.fasta
IGHV1-64-01_IGHJ4-01_48_3,./output/fasta_for_GCTree_pipeline/all_samples/IGHV1-64-01_IGHJ4-01_48_3.fasta
IGHV1-64-01_IGHJ4-01_48_4,./output/fasta_for_GCTree_pipeline/all_samples/IGHV1-64-01_IGHJ4-01_48_4.fasta
IGHV1-64-01_IGHJ4-01_57_1,./output/fasta_for_GCTree_pipeline/all_samples/IGHV1-64-01_IGHJ4-01_57_1.fasta
IGHV1-64-01_IGHJ4-01_63_1,./output/fasta_for_GCTree_pipeline/all_samples/IGHV1-64-01_IGHJ4-01_63_1.fasta
IGHV1-64-01_IGHJ4-01_63_2,./output/fasta_for_GCTree_pipeline/all_samples/IGHV1-64-01_IGHJ4-01_63_2.fasta
IGHV1-66-01_IGHJ2-01_33_1,./output/fasta_for_GCTree_pipeline/all_samples/IGHV1-66-01_IGHJ2-01_33_1.fasta
IGHV1-66-01_IGHJ2-01_33_2,./output/fasta_for_GCTree_pipeline/all_samples/IGHV1-66-01_IGHJ2-01_33_2.fasta
IGHV1-66-01_IGHJ2-01_33_4,./output/fasta_for_GCTree_pipeline/all_samples/IGHV1-66-01_IGHJ2-01_33_4.fasta
IGHV1-66-01_IGHJ3-01_33_1,./output/fasta_for_GCTree_pipeline/all_samples/IGHV1-66-01_IGHJ3-01_33_1.fasta
IGHV1-66-01_IGHJ3-01_39_1,./output/fasta_for_GCTree_pipeline/all_samples/IGHV1-66-01_IGHJ3-01_39_1.fasta
IGHV1-66-01_IGHJ3-01_39_2,./output/fasta_for_GCTree_pipeline/all_samples/IGHV1-66-01_IGHJ3-01_39_2.fasta
IGHV1-66-01_IGHJ3-01_39_3,./output/fasta_for_GCTree_pipeline/all_samples/IGHV1-66-01_IGHJ3-01_39_3.fasta
IGHV1-66-01_IGHJ3-01_39_5,./output/fasta_for_GCTree_pipeline/all_samples/IGHV1-66-01_IGHJ3-01_39_5.fasta
IGHV1-66-01_IGHJ3-01_39_6,./output/fasta_for_GCTree_pipeline/all_samples/IGHV1-66-01_IGHJ3-01_39_6.fasta
IGHV1-67-01_IGHJ2-01_30_1,./output/fasta_for_GCTree_pipeline/all_samples/IGHV1-67-01_IGHJ2-01_30_1.fasta
IGHV1-69-01_IGHJ1-03_30_1,./output/fasta_for_GCTree_pipeline/all_samples/IGHV1-69-01_IGHJ1-03_30_1.fasta
IGHV1-69-01_IGHJ2-01_36_1,./output/fasta_for_GCTree_pipeline/all_samples/IGHV1-69-01_IGHJ2-01_36_1.fasta
IGHV1-69-01_IGHJ2-01_45_1,./output/fasta_for_GCTree_pipeline/all_samples/IGHV1-69-01_IGHJ2-01_45_1.fasta
IGHV1-69-01_IGHJ2-01_45_2,./output/fasta_for_GCTree_pipeline/all_samples/IGHV1-69-01_IGHJ2-01_45_2.fasta
IGHV1-69-01_IGHJ3-01_27_1,./output/fasta_for_GCTree_pipeline/all_samples/IGHV1-69-01_IGHJ3-01_27_1.fasta
IGHV1-69-01_IGHJ3-01_27_2,./output/fasta_for_GCTree_pipeline/all_samples/IGHV1-69-01_IGHJ3-01_27_2.fasta
IGHV1-69-01_IGHJ3-01_27_4,./output/fasta_for_GCTree_pipeline/all_samples/IGHV1-69-01_IGHJ3-01_27_4.fasta
IGHV1-69-01_IGHJ3-01_63_1,./output/fasta_for_GCTree_pipeline/all_samples/IGHV1-69-01_IGHJ3-01_63_1.fasta
IGHV1-69-01_IGHJ4-01_36_1,./output/fasta_for_GCTree_pipeline/all_samples/IGHV1-69-01_IGHJ4-01_36_1.fasta
IGHV1-69-01_IGHJ4-01_45_1,./output/fasta_for_GCTree_pipeline/all_samples/IGHV1-69-01_IGHJ4-01_45_1.fasta
IGHV1-7-01_IGHJ1-03_54_1,./output/fasta_for_GCTree_pipeline/all_samples/IGHV1-7-01_IGHJ1-03_54_1.fasta
IGHV1-7-01_IGHJ2-01_36_1,./output/fasta_for_GCTree_pipeline/all_samples/IGHV1-7-01_IGHJ2-01_36_1.fasta
IGHV1-7-01_IGHJ3-01_48_2,./output/fasta_for_GCTree_pipeline/all_samples/IGHV1-7-01_IGHJ3-01_48_2.fasta
IGHV1-72-01_IGHJ1-03_39_1,./output/fasta_for_GCTree_pipeline/all_samples/IGHV1-72-01_IGHJ1-03_39_1.fasta
IGHV1-72-01_IGHJ1-03_39_2,./output/fasta_for_GCTree_pipeline/all_samples/IGHV1-72-01_IGHJ1-03_39_2.fasta
IGHV1-72-01_IGHJ1-03_39_3,./output/fasta_for_GCTree_pipeline/all_samples/IGHV1-72-01_IGHJ1-03_39_3.fasta
IGHV1-72-01_IGHJ1-03_39_4,./output/fasta_for_GCTree_pipeline/all_samples/IGHV1-72-01_IGHJ1-03_39_4.fasta
IGHV1-72-01_IGHJ1-03_42_1,./output/fasta_for_GCTree_pipeline/all_samples/IGHV1-72-01_IGHJ1-03_42_1.fasta
IGHV1-72-01_IGHJ2-01_18_1,./output/fasta_for_GCTree_pipeline/all_samples/IGHV1-72-01_IGHJ2-01_18_1.fasta
IGHV1-72-01_IGHJ2-01_21_1,./output/fasta_for_GCTree_pipeline/all_samples/IGHV1-72-01_IGHJ2-01_21_1.fasta
IGHV1-72-01_IGHJ2-01_26_2,./output/fasta_for_GCTree_pipeline/all_samples/IGHV1-72-01_IGHJ2-01_26_2.fasta
IGHV1-72-01_IGHJ2-01_27_1,./output/fasta_for_GCTree_pipeline/all_samples/IGHV1-72-01_IGHJ2-01_27_1.fasta
IGHV1-72-01_IGHJ2-01_27_2,./output/fasta_for_GCTree_pipeline/all_samples/IGHV1-72-01_IGHJ2-01_27_2.fasta
IGHV1-72-01_IGHJ2-01_27_3,./output/fasta_for_GCTree_pipeline/all_samples/IGHV1-72-01_IGHJ2-01_27_3.fasta
IGHV1-72-01_IGHJ2-01_27_4,./output/fasta_for_GCTree_pipeline/all_samples/IGHV1-72-01_IGHJ2-01_27_4.fasta
IGHV1-72-01_IGHJ2-01_27_5,./output/fasta_for_GCTree_pipeline/all_samples/IGHV1-72-01_IGHJ2-01_27_5.fasta
IGHV1-72-01_IGHJ2-01_30_1,./output/fasta_for_GCTree_pipeline/all_samples/IGHV1-72-01_IGHJ2-01_30_1.fasta
IGHV1-72-01_IGHJ2-01_30_2,./output/fasta_for_GCTree_pipeline/all_samples/IGHV1-72-01_IGHJ2-01_30_2.fasta
IGHV1-72-01_IGHJ2-01_36_1,./output/fasta_for_GCTree_pipeline/all_samples/IGHV1-72-01_IGHJ2-01_36_1.fasta
IGHV1-72-01_IGHJ2-01_39_1,./output/fasta_for_GCTree_pipeline/all_samples/IGHV1-72-01_IGHJ2-01_39_1.fasta
IGHV1-72-01_IGHJ2-01_42_1,./output/fasta_for_GCTree_pipeline/all_samples/IGHV1-72-01_IGHJ2-01_42_1.fasta
IGHV1-72-01_IGHJ2-01_45_1,./output/fasta_for_GCTree_pipeline/all_samples/IGHV1-72-01_IGHJ2-01_45_1.fasta
IGHV1-72-01_IGHJ2-01_45_2,./output/fasta_for_GCTree_pipeline/all_samples/IGHV1-72-01_IGHJ2-01_45_2.fasta
IGHV1-72-01_IGHJ2-03_27_1,./output/fasta_for_GCTree_pipeline/all_samples/IGHV1-72-01_IGHJ2-03_27_1.fasta
IGHV1-72-01_IGHJ2-03_27_2,./output/fasta_for_GCTree_pipeline/all_samples/IGHV1-72-01_IGHJ2-03_27_2.fasta
IGHV1-72-01_IGHJ3-01_26_1,./output/fasta_for_GCTree_pipeline/all_samples/IGHV1-72-01_IGHJ3-01_26_1.fasta
IGHV1-72-01_IGHJ3-01_27_1,./output/fasta_for_GCTree_pipeline/all_samples/IGHV1-72-01_IGHJ3-01_27_1.fasta
IGHV1-72-01_IGHJ3-01_27_2,./output/fasta_for_GCTree_pipeline/all_samples/IGHV1-72-01_IGHJ3-01_27_2.fasta
IGHV1-72-01_IGHJ3-01_27_3,./output/fasta_for_GCTree_pipeline/all_samples/IGHV1-72-01_IGHJ3-01_27_3.fasta
IGHV1-72-01_IGHJ3-01_27_4,./output/fasta_for_GCTree_pipeline/all_samples/IGHV1-72-01_IGHJ3-01_27_4.fasta
IGHV1-72-01_IGHJ3-01_42_1,./output/fasta_for_GCTree_pipeline/all_samples/IGHV1-72-01_IGHJ3-01_42_1.fasta
IGHV1-72-01_IGHJ3-01_54_1,./output/fasta_for_GCTree_pipeline/all_samples/IGHV1-72-01_IGHJ3-01_54_1.fasta
IGHV1-72-01_IGHJ3-01_54_2,./output/fasta_for_GCTree_pipeline/all_samples/IGHV1-72-01_IGHJ3-01_54_2.fasta
IGHV1-72-01_IGHJ3-02_27_1,./output/fasta_for_GCTree_pipeline/all_samples/IGHV1-72-01_IGHJ3-02_27_1.fasta
IGHV1-72-01_IGHJ3-02_27_2,./output/fasta_for_GCTree_pipeline/all_samples/IGHV1-72-01_IGHJ3-02_27_2.fasta
IGHV1-72-01_IGHJ4-01_39_1,./output/fasta_for_GCTree_pipeline/all_samples/IGHV1-72-01_IGHJ4-01_39_1.fasta
IGHV1-72-01_IGHJ4-01_45_1,./output/fasta_for_GCTree_pipeline/all_samples/IGHV1-72-01_IGHJ4-01_45_1.fasta
IGHV1-72-01_IGHJ4-01_48_1,./output/fasta_for_GCTree_pipeline/all_samples/IGHV1-72-01_IGHJ4-01_48_1.fasta
IGHV1-74-01_IGHJ2-01_39_1,./output/fasta_for_GCTree_pipeline/all_samples/IGHV1-74-01_IGHJ2-01_39_1.fasta
IGHV1-74-01_IGHJ2-01_45_1,./output/fasta_for_GCTree_pipeline/all_samples/IGHV1-74-01_IGHJ2-01_45_1.fasta
IGHV1-74-01_IGHJ3-01_42_1,./output/fasta_for_GCTree_pipeline/all_samples/IGHV1-74-01_IGHJ3-01_42_1.fasta
IGHV1-74-01_IGHJ4-01_42_1,./output/fasta_for_GCTree_pipeline/all_samples/IGHV1-74-01_IGHJ4-01_42_1.fasta
IGHV1-74-01_IGHJ4-01_45_1,./output/fasta_for_GCTree_pipeline/all_samples/IGHV1-74-01_IGHJ4-01_45_1.fasta
IGHV1-75-01_IGHJ1-03_39_1,./output/fasta_for_GCTree_pipeline/all_samples/IGHV1-75-01_IGHJ1-03_39_1.fasta
IGHV1-75-01_IGHJ2-01_36_1,./output/fasta_for_GCTree_pipeline/all_samples/IGHV1-75-01_IGHJ2-01_36_1.fasta
IGHV1-75-01_IGHJ2-01_48_1,./output/fasta_for_GCTree_pipeline/all_samples/IGHV1-75-01_IGHJ2-01_48_1.fasta
IGHV1-75-01_IGHJ3-01_33_1,./output/fasta_for_GCTree_pipeline/all_samples/IGHV1-75-01_IGHJ3-01_33_1.fasta
IGHV1-75-01_IGHJ3-01_36_1,./output/fasta_for_GCTree_pipeline/all_samples/IGHV1-75-01_IGHJ3-01_36_1.fasta
IGHV1-75-01_IGHJ4-01_39_1,./output/fasta_for_GCTree_pipeline/all_samples/IGHV1-75-01_IGHJ4-01_39_1.fasta
IGHV1-75-01_IGHJ4-01_54_1,./output/fasta_for_GCTree_pipeline/all_samples/IGHV1-75-01_IGHJ4-01_54_1.fasta
IGHV1-76-01_IGHJ1-01_51_1,./output/fasta_for_GCTree_pipeline/all_samples/IGHV1-76-01_IGHJ1-01_51_1.fasta
IGHV1-76-01_IGHJ1-03_51_1,./output/fasta_for_GCTree_pipeline/all_samples/IGHV1-76-01_IGHJ1-03_51_1.fasta
IGHV1-76-01_IGHJ1-03_51_2,./output/fasta_for_GCTree_pipeline/all_samples/IGHV1-76-01_IGHJ1-03_51_2.fasta
IGHV1-76-01_IGHJ1-03_51_3,./output/fasta_for_GCTree_pipeline/all_samples/IGHV1-76-01_IGHJ1-03_51_3.fasta
IGHV1-76-01_IGHJ2-01_39_1,./output/fasta_for_GCTree_pipeline/all_samples/IGHV1-76-01_IGHJ2-01_39_1.fasta
IGHV1-76-01_IGHJ2-01_39_2,./output/fasta_for_GCTree_pipeline/all_samples/IGHV1-76-01_IGHJ2-01_39_2.fasta
IGHV1-76-01_IGHJ4-01_45_1,./output/fasta_for_GCTree_pipeline/all_samples/IGHV1-76-01_IGHJ4-01_45_1.fasta
IGHV1-76-01_IGHJ4-01_48_1,./output/fasta_for_GCTree_pipeline/all_samples/IGHV1-76-01_IGHJ4-01_48_1.fasta
IGHV1-76-01_IGHJ4-01_51_1,./output/fasta_for_GCTree_pipeline/all_samples/IGHV1-76-01_IGHJ4-01_51_1.fasta
IGHV1-76-01_IGHJ4-01_54_1,./output/fasta_for_GCTree_pipeline/all_samples/IGHV1-76-01_IGHJ4-01_54_1.fasta
IGHV1-77-01_IGHJ2-01_33_1,./output/fasta_for_GCTree_pipeline/all_samples/IGHV1-77-01_IGHJ2-01_33_1.fasta
IGHV1-77-01_IGHJ2-01_36_1,./output/fasta_for_GCTree_pipeline/all_samples/IGHV1-77-01_IGHJ2-01_36_1.fasta
IGHV1-77-01_IGHJ3-01_39_1,./output/fasta_for_GCTree_pipeline/all_samples/IGHV1-77-01_IGHJ3-01_39_1.fasta
IGHV1-77-01_IGHJ3-01_39_2,./output/fasta_for_GCTree_pipeline/all_samples/IGHV1-77-01_IGHJ3-01_39_2.fasta
IGHV1-77-01_IGHJ4-01_36_1,./output/fasta_for_GCTree_pipeline/all_samples/IGHV1-77-01_IGHJ4-01_36_1.fasta
IGHV1-78-01_IGHJ1-03_45_1,./output/fasta_for_GCTree_pipeline/all_samples/IGHV1-78-01_IGHJ1-03_45_1.fasta
IGHV1-78-01_IGHJ1-03_51_1,./output/fasta_for_GCTree_pipeline/all_samples/IGHV1-78-01_IGHJ1-03_51_1.fasta
IGHV1-78-01_IGHJ1-03_51_3,./output/fasta_for_GCTree_pipeline/all_samples/IGHV1-78-01_IGHJ1-03_51_3.fasta
IGHV1-78-01_IGHJ1-03_54_1,./output/fasta_for_GCTree_pipeline/all_samples/IGHV1-78-01_IGHJ1-03_54_1.fasta
IGHV1-78-01_IGHJ2-01_42_1,./output/fasta_for_GCTree_pipeline/all_samples/IGHV1-78-01_IGHJ2-01_42_1.fasta
IGHV1-78-01_IGHJ2-01_42_2,./output/fasta_for_GCTree_pipeline/all_samples/IGHV1-78-01_IGHJ2-01_42_2.fasta
IGHV1-78-01_IGHJ2-01_42_3,./output/fasta_for_GCTree_pipeline/all_samples/IGHV1-78-01_IGHJ2-01_42_3.fasta
IGHV1-78-01_IGHJ2-01_45_1,./output/fasta_for_GCTree_pipeline/all_samples/IGHV1-78-01_IGHJ2-01_45_1.fasta
IGHV1-78-01_IGHJ2-02_45_1,./output/fasta_for_GCTree_pipeline/all_samples/IGHV1-78-01_IGHJ2-02_45_1.fasta
IGHV1-78-01_IGHJ2-02_51_1,./output/fasta_for_GCTree_pipeline/all_samples/IGHV1-78-01_IGHJ2-02_51_1.fasta
IGHV1-78-01_IGHJ4-01_36_1,./output/fasta_for_GCTree_pipeline/all_samples/IGHV1-78-01_IGHJ4-01_36_1.fasta
IGHV1-79-01_IGHJ1-01_49_1,./output/fasta_for_GCTree_pipeline/all_samples/IGHV1-79-01_IGHJ1-01_49_1.fasta
IGHV1-80-01_IGHJ1-03_54_1,./output/fasta_for_GCTree_pipeline/all_samples/IGHV1-80-01_IGHJ1-03_54_1.fasta
IGHV1-80-01_IGHJ2-01_30_1,./output/fasta_for_GCTree_pipeline/all_samples/IGHV1-80-01_IGHJ2-01_30_1.fasta
IGHV1-80-01_IGHJ2-01_30_2,./output/fasta_for_GCTree_pipeline/all_samples/IGHV1-80-01_IGHJ2-01_30_2.fasta
IGHV1-80-01_IGHJ2-01_36_1,./output/fasta_for_GCTree_pipeline/all_samples/IGHV1-80-01_IGHJ2-01_36_1.fasta
IGHV1-80-01_IGHJ3-01_33_1,./output/fasta_for_GCTree_pipeline/all_samples/IGHV1-80-01_IGHJ3-01_33_1.fasta
IGHV1-80-01_IGHJ3-01_33_2,./output/fasta_for_GCTree_pipeline/all_samples/IGHV1-80-01_IGHJ3-01_33_2.fasta
IGHV1-80-01_IGHJ3-01_33_3,./output/fasta_for_GCTree_pipeline/all_samples/IGHV1-80-01_IGHJ3-01_33_3.fasta
IGHV1-80-01_IGHJ3-01_33_4,./output/fasta_for_GCTree_pipeline/all_samples/IGHV1-80-01_IGHJ3-01_33_4.fasta
IGHV1-80-01_IGHJ3-01_36_1,./output/fasta_for_GCTree_pipeline/all_samples/IGHV1-80-01_IGHJ3-01_36_1.fasta
IGHV1-80-01_IGHJ3-01_39_1,./output/fasta_for_GCTree_pipeline/all_samples/IGHV1-80-01_IGHJ3-01_39_1.fasta
IGHV1-80-01_IGHJ3-01_51_1,./output/fasta_for_GCTree_pipeline/all_samples/IGHV1-80-01_IGHJ3-01_51_1.fasta
IGHV1-80-01_IGHJ3-02_33_1,./output/fasta_for_GCTree_pipeline/all_samples/IGHV1-80-01_IGHJ3-02_33_1.fasta
IGHV1-80-01_IGHJ4-01_39_1,./output/fasta_for_GCTree_pipeline/all_samples/IGHV1-80-01_IGHJ4-01_39_1.fasta
IGHV1-80-01_IGHJ4-01_48_1,./output/fasta_for_GCTree_pipeline/all_samples/IGHV1-80-01_IGHJ4-01_48_1.fasta
IGHV1-81-01_IGHJ1-01_54_1,./output/fasta_for_GCTree_pipeline/all_samples/IGHV1-81-01_IGHJ1-01_54_1.fasta
IGHV1-81-01_IGHJ1-03_48_1,./output/fasta_for_GCTree_pipeline/all_samples/IGHV1-81-01_IGHJ1-03_48_1.fasta
IGHV1-81-01_IGHJ1-03_51_1,./output/fasta_for_GCTree_pipeline/all_samples/IGHV1-81-01_IGHJ1-03_51_1.fasta
IGHV1-81-01_IGHJ1-03_51_2,./output/fasta_for_GCTree_pipeline/all_samples/IGHV1-81-01_IGHJ1-03_51_2.fasta
IGHV1-81-01_IGHJ1-03_54_2,./output/fasta_for_GCTree_pipeline/all_samples/IGHV1-81-01_IGHJ1-03_54_2.fasta
IGHV1-81-01_IGHJ2-01_42_1,./output/fasta_for_GCTree_pipeline/all_samples/IGHV1-81-01_IGHJ2-01_42_1.fasta
IGHV1-81-01_IGHJ2-01_51_1,./output/fasta_for_GCTree_pipeline/all_samples/IGHV1-81-01_IGHJ2-01_51_1.fasta
IGHV1-81-01_IGHJ3-01_48_1,./output/fasta_for_GCTree_pipeline/all_samples/IGHV1-81-01_IGHJ3-01_48_1.fasta
IGHV1-81-01_IGHJ3-01_57_1,./output/fasta_for_GCTree_pipeline/all_samples/IGHV1-81-01_IGHJ3-01_57_1.fasta
IGHV1-81-01_IGHJ3-01_57_2,./output/fasta_for_GCTree_pipeline/all_samples/IGHV1-81-01_IGHJ3-01_57_2.fasta
IGHV1-81-01_IGHJ4-01_39_1,./output/fasta_for_GCTree_pipeline/all_samples/IGHV1-81-01_IGHJ4-01_39_1.fasta
IGHV1-81-01_IGHJ4-01_45_1,./output/fasta_for_GCTree_pipeline/all_samples/IGHV1-81-01_IGHJ4-01_45_1.fasta
IGHV1-81-01_IGHJ4-01_45_2,./output/fasta_for_GCTree_pipeline/all_samples/IGHV1-81-01_IGHJ4-01_45_2.fasta
IGHV1-81-01_IGHJ4-01_45_3,./output/fasta_for_GCTree_pipeline/all_samples/IGHV1-81-01_IGHJ4-01_45_3.fasta
IGHV1-81-01_IGHJ4-01_51_4,./output/fasta_for_GCTree_pipeline/all_samples/IGHV1-81-01_IGHJ4-01_51_4.fasta
IGHV1-81-01_IGHJ4-01_54_1,./output/fasta_for_GCTree_pipeline/all_samples/IGHV1-81-01_IGHJ4-01_54_1.fasta
IGHV1-81-01_IGHJ4-01_54_2,./output/fasta_for_GCTree_pipeline/all_samples/IGHV1-81-01_IGHJ4-01_54_2.fasta
IGHV1-81-01_IGHJ4-01_54_3,./output/fasta_for_GCTree_pipeline/all_samples/IGHV1-81-01_IGHJ4-01_54_3.fasta
IGHV1-82-01_IGHJ1-01_51_1,./output/fasta_for_GCTree_pipeline/all_samples/IGHV1-82-01_IGHJ1-01_51_1.fasta
IGHV1-82-01_IGHJ1-03_42_1,./output/fasta_for_GCTree_pipeline/all_samples/IGHV1-82-01_IGHJ1-03_42_1.fasta
IGHV1-82-01_IGHJ1-03_42_2,./output/fasta_for_GCTree_pipeline/all_samples/IGHV1-82-01_IGHJ1-03_42_2.fasta
IGHV1-82-01_IGHJ1-03_48_1,./output/fasta_for_GCTree_pipeline/all_samples/IGHV1-82-01_IGHJ1-03_48_1.fasta
IGHV1-82-01_IGHJ1-03_51_1,./output/fasta_for_GCTree_pipeline/all_samples/IGHV1-82-01_IGHJ1-03_51_1.fasta
IGHV1-82-01_IGHJ1-03_51_3,./output/fasta_for_GCTree_pipeline/all_samples/IGHV1-82-01_IGHJ1-03_51_3.fasta
IGHV1-82-01_IGHJ2-01_39_1,./output/fasta_for_GCTree_pipeline/all_samples/IGHV1-82-01_IGHJ2-01_39_1.fasta
IGHV1-82-01_IGHJ2-01_39_2,./output/fasta_for_GCTree_pipeline/all_samples/IGHV1-82-01_IGHJ2-01_39_2.fasta
IGHV1-82-01_IGHJ2-01_39_3,./output/fasta_for_GCTree_pipeline/all_samples/IGHV1-82-01_IGHJ2-01_39_3.fasta
IGHV1-82-01_IGHJ2-01_42_1,./output/fasta_for_GCTree_pipeline/all_samples/IGHV1-82-01_IGHJ2-01_42_1.fasta
IGHV1-82-01_IGHJ2-01_42_2,./output/fasta_for_GCTree_pipeline/all_samples/IGHV1-82-01_IGHJ2-01_42_2.fasta
IGHV1-82-01_IGHJ2-01_45_1,./output/fasta_for_GCTree_pipeline/all_samples/IGHV1-82-01_IGHJ2-01_45_1.fasta
IGHV1-82-01_IGHJ2-02_39_1,./output/fasta_for_GCTree_pipeline/all_samples/IGHV1-82-01_IGHJ2-02_39_1.fasta
IGHV1-82-01_IGHJ3-01_33_1,./output/fasta_for_GCTree_pipeline/all_samples/IGHV1-82-01_IGHJ3-01_33_1.fasta
IGHV1-82-01_IGHJ3-01_33_3,./output/fasta_for_GCTree_pipeline/all_samples/IGHV1-82-01_IGHJ3-01_33_3.fasta
IGHV1-82-01_IGHJ3-01_35_1,./output/fasta_for_GCTree_pipeline/all_samples/IGHV1-82-01_IGHJ3-01_35_1.fasta
IGHV1-82-01_IGHJ3-01_36_1,./output/fasta_for_GCTree_pipeline/all_samples/IGHV1-82-01_IGHJ3-01_36_1.fasta
IGHV1-82-01_IGHJ3-01_39_1,./output/fasta_for_GCTree_pipeline/all_samples/IGHV1-82-01_IGHJ3-01_39_1.fasta
IGHV1-82-01_IGHJ4-01_42_1,./output/fasta_for_GCTree_pipeline/all_samples/IGHV1-82-01_IGHJ4-01_42_1.fasta
IGHV1-82-01_IGHJ4-01_51_1,./output/fasta_for_GCTree_pipeline/all_samples/IGHV1-82-01_IGHJ4-01_51_1.fasta
IGHV1-84-01_IGHJ2-01_42_1,./output/fasta_for_GCTree_pipeline/all_samples/IGHV1-84-01_IGHJ2-01_42_1.fasta
IGHV1-84-01_IGHJ2-01_51_1,./output/fasta_for_GCTree_pipeline/all_samples/IGHV1-84-01_IGHJ2-01_51_1.fasta
IGHV1-85-01_IGHJ3-01_18_1,./output/fasta_for_GCTree_pipeline/all_samples/IGHV1-85-01_IGHJ3-01_18_1.fasta
IGHV1-85-01_IGHJ3-01_36_1,./output/fasta_for_GCTree_pipeline/all_samples/IGHV1-85-01_IGHJ3-01_36_1.fasta
IGHV1-85-01_IGHJ3-01_45_1,./output/fasta_for_GCTree_pipeline/all_samples/IGHV1-85-01_IGHJ3-01_45_1.fasta
IGHV1-85-01_IGHJ3-01_45_2,./output/fasta_for_GCTree_pipeline/all_samples/IGHV1-85-01_IGHJ3-01_45_2.fasta
IGHV1-85-01_IGHJ3-01_45_4,./output/fasta_for_GCTree_pipeline/all_samples/IGHV1-85-01_IGHJ3-01_45_4.fasta
IGHV1-87-01_IGHJ3-01_40_1,./output/fasta_for_GCTree_pipeline/all_samples/IGHV1-87-01_IGHJ3-01_40_1.fasta
IGHV1-87-01_IGHJ3-01_40_2,./output/fasta_for_GCTree_pipeline/all_samples/IGHV1-87-01_IGHJ3-01_40_2.fasta
IGHV1-9-01_IGHJ1-03_54_1,./output/fasta_for_GCTree_pipeline/all_samples/IGHV1-9-01_IGHJ1-03_54_1.fasta
IGHV1-9-01_IGHJ1-03_54_2,./output/fasta_for_GCTree_pipeline/all_samples/IGHV1-9-01_IGHJ1-03_54_2.fasta
IGHV1-9-01_IGHJ1-03_60_1,./output/fasta_for_GCTree_pipeline/all_samples/IGHV1-9-01_IGHJ1-03_60_1.fasta
IGHV1-9-01_IGHJ1-03_60_2,./output/fasta_for_GCTree_pipeline/all_samples/IGHV1-9-01_IGHJ1-03_60_2.fasta
IGHV1-9-01_IGHJ2-01_33_1,./output/fasta_for_GCTree_pipeline/all_samples/IGHV1-9-01_IGHJ2-01_33_1.fasta
IGHV1-9-01_IGHJ2-01_33_2,./output/fasta_for_GCTree_pipeline/all_samples/IGHV1-9-01_IGHJ2-01_33_2.fasta
IGHV1-9-01_IGHJ2-01_33_3,./output/fasta_for_GCTree_pipeline/all_samples/IGHV1-9-01_IGHJ2-01_33_3.fasta
IGHV1-9-01_IGHJ2-01_39_1,./output/fasta_for_GCTree_pipeline/all_samples/IGHV1-9-01_IGHJ2-01_39_1.fasta
IGHV1-9-01_IGHJ2-01_39_2,./output/fasta_for_GCTree_pipeline/all_samples/IGHV1-9-01_IGHJ2-01_39_2.fasta
IGHV1-9-01_IGHJ2-01_39_4,./output/fasta_for_GCTree_pipeline/all_samples/IGHV1-9-01_IGHJ2-01_39_4.fasta
IGHV1-9-01_IGHJ2-01_42_1,./output/fasta_for_GCTree_pipeline/all_samples/IGHV1-9-01_IGHJ2-01_42_1.fasta
IGHV1-9-01_IGHJ3-01_33_1,./output/fasta_for_GCTree_pipeline/all_samples/IGHV1-9-01_IGHJ3-01_33_1.fasta
IGHV1-9-01_IGHJ3-01_33_2,./output/fasta_for_GCTree_pipeline/all_samples/IGHV1-9-01_IGHJ3-01_33_2.fasta
IGHV1-9-01_IGHJ3-01_33_3,./output/fasta_for_GCTree_pipeline/all_samples/IGHV1-9-01_IGHJ3-01_33_3.fasta
IGHV1-9-01_IGHJ3-01_33_4,./output/fasta_for_GCTree_pipeline/all_samples/IGHV1-9-01_IGHJ3-01_33_4.fasta
IGHV1-9-01_IGHJ3-01_39_2,./output/fasta_for_GCTree_pipeline/all_samples/IGHV1-9-01_IGHJ3-01_39_2.fasta
IGHV1-9-01_IGHJ4-01_45_1,./output/fasta_for_GCTree_pipeline/all_samples/IGHV1-9-01_IGHJ4-01_45_1.fasta
IGHV2-2-01_IGHJ1-03_45_2,./output/fasta_for_GCTree_pipeline/all_samples/IGHV2-2-01_IGHJ1-03_45_2.fasta
IGHV2-2-01_IGHJ1-03_48_1,./output/fasta_for_GCTree_pipeline/all_samples/IGHV2-2-01_IGHJ1-03_48_1.fasta
IGHV2-2-01_IGHJ1-03_48_2,./output/fasta_for_GCTree_pipeline/all_samples/IGHV2-2-01_IGHJ1-03_48_2.fasta
IGHV2-2-01_IGHJ1-03_51_1,./output/fasta_for_GCTree_pipeline/all_samples/IGHV2-2-01_IGHJ1-03_51_1.fasta
IGHV2-2-01_IGHJ1-03_51_2,./output/fasta_for_GCTree_pipeline/all_samples/IGHV2-2-01_IGHJ1-03_51_2.fasta
IGHV2-2-01_IGHJ2-01_45_1,./output/fasta_for_GCTree_pipeline/all_samples/IGHV2-2-01_IGHJ2-01_45_1.fasta
IGHV2-2-01_IGHJ3-01_42_1,./output/fasta_for_GCTree_pipeline/all_samples/IGHV2-2-01_IGHJ3-01_42_1.fasta
IGHV2-2-01_IGHJ4-01_39_1,./output/fasta_for_GCTree_pipeline/all_samples/IGHV2-2-01_IGHJ4-01_39_1.fasta
IGHV2-2-01_IGHJ4-01_39_2,./output/fasta_for_GCTree_pipeline/all_samples/IGHV2-2-01_IGHJ4-01_39_2.fasta
IGHV2-2-01_IGHJ4-01_39_3,./output/fasta_for_GCTree_pipeline/all_samples/IGHV2-2-01_IGHJ4-01_39_3.fasta
IGHV2-2-01_IGHJ4-01_42_3,./output/fasta_for_GCTree_pipeline/all_samples/IGHV2-2-01_IGHJ4-01_42_3.fasta
IGHV2-2-01_IGHJ4-01_42_4,./output/fasta_for_GCTree_pipeline/all_samples/IGHV2-2-01_IGHJ4-01_42_4.fasta
IGHV2-2-01_IGHJ4-01_42_5,./output/fasta_for_GCTree_pipeline/all_samples/IGHV2-2-01_IGHJ4-01_42_5.fasta
IGHV2-2-01_IGHJ4-01_45_1,./output/fasta_for_GCTree_pipeline/all_samples/IGHV2-2-01_IGHJ4-01_45_1.fasta
IGHV2-2-01_IGHJ4-01_51_1,./output/fasta_for_GCTree_pipeline/all_samples/IGHV2-2-01_IGHJ4-01_51_1.fasta
IGHV2-3-01_IGHJ1-03_42_1,./output/fasta_for_GCTree_pipeline/all_samples/IGHV2-3-01_IGHJ1-03_42_1.fasta
IGHV2-5-01_IGHJ1-03_45_1,./output/fasta_for_GCTree_pipeline/all_samples/IGHV2-5-01_IGHJ1-03_45_1.fasta
IGHV2-5-01_IGHJ1-03_54_1,./output/fasta_for_GCTree_pipeline/all_samples/IGHV2-5-01_IGHJ1-03_54_1.fasta
IGHV2-5-01_IGHJ4-01_51_1,./output/fasta_for_GCTree_pipeline/all_samples/IGHV2-5-01_IGHJ4-01_51_1.fasta
IGHV2-5-01_IGHJ4-01_57_1,./output/fasta_for_GCTree_pipeline/all_samples/IGHV2-5-01_IGHJ4-01_57_1.fasta
IGHV2-5-01_IGHJ4-01_66_1,./output/fasta_for_GCTree_pipeline/all_samples/IGHV2-5-01_IGHJ4-01_66_1.fasta
IGHV2-6-03_IGHJ4-01_36_1,./output/fasta_for_GCTree_pipeline/all_samples/IGHV2-6-03_IGHJ4-01_36_1.fasta
IGHV2-9-01_IGHJ2-01_54_1,./output/fasta_for_GCTree_pipeline/all_samples/IGHV2-9-01_IGHJ2-01_54_1.fasta
IGHV2-9_IGHJ2-01_40_1,./output/fasta_for_GCTree_pipeline/all_samples/IGHV2-9_IGHJ2-01_40_1.fasta
IGHV2-9_IGHJ3-01_24_1,./output/fasta_for_GCTree_pipeline/all_samples/IGHV2-9_IGHJ3-01_24_1.fasta
IGHV2-9_IGHJ3-01_51_1,./output/fasta_for_GCTree_pipeline/all_samples/IGHV2-9_IGHJ3-01_51_1.fasta
IGHV2-9_IGHJ4-01_18_1,./output/fasta_for_GCTree_pipeline/all_samples/IGHV2-9_IGHJ4-01_18_1.fasta
IGHV2-9_IGHJ4-01_36_1,./output/fasta_for_GCTree_pipeline/all_samples/IGHV2-9_IGHJ4-01_36_1.fasta
IGHV2-9_IGHJ4-01_42_1,./output/fasta_for_GCTree_pipeline/all_samples/IGHV2-9_IGHJ4-01_42_1.fasta
IGHV3-1-01_IGHJ2-01_36_1,./output/fasta_for_GCTree_pipeline/all_samples/IGHV3-1-01_IGHJ2-01_36_1.fasta
IGHV3-6-01_IGHJ1-03_27_1,./output/fasta_for_GCTree_pipeline/all_samples/IGHV3-6-01_IGHJ1-03_27_1.fasta
IGHV3-6-01_IGHJ1-03_42_1,./output/fasta_for_GCTree_pipeline/all_samples/IGHV3-6-01_IGHJ1-03_42_1.fasta
IGHV3-6-01_IGHJ1-03_42_3,./output/fasta_for_GCTree_pipeline/all_samples/IGHV3-6-01_IGHJ1-03_42_3.fasta
IGHV3-6-01_IGHJ1-03_42_4,./output/fasta_for_GCTree_pipeline/all_samples/IGHV3-6-01_IGHJ1-03_42_4.fasta
IGHV3-6-01_IGHJ1-03_45_1,./output/fasta_for_GCTree_pipeline/all_samples/IGHV3-6-01_IGHJ1-03_45_1.fasta
IGHV3-6-01_IGHJ1-03_51_1,./output/fasta_for_GCTree_pipeline/all_samples/IGHV3-6-01_IGHJ1-03_51_1.fasta
IGHV3-6-01_IGHJ1-03_51_2,./output/fasta_for_GCTree_pipeline/all_samples/IGHV3-6-01_IGHJ1-03_51_2.fasta
IGHV3-6-01_IGHJ1-03_54_1,./output/fasta_for_GCTree_pipeline/all_samples/IGHV3-6-01_IGHJ1-03_54_1.fasta
IGHV3-6-01_IGHJ1-03_54_2,./output/fasta_for_GCTree_pipeline/all_samples/IGHV3-6-01_IGHJ1-03_54_2.fasta
IGHV3-6-01_IGHJ2-01_33_1,./output/fasta_for_GCTree_pipeline/all_samples/IGHV3-6-01_IGHJ2-01_33_1.fasta
IGHV3-6-01_IGHJ2-01_36_1,./output/fasta_for_GCTree_pipeline/all_samples/IGHV3-6-01_IGHJ2-01_36_1.fasta
IGHV3-6-01_IGHJ2-01_36_2,./output/fasta_for_GCTree_pipeline/all_samples/IGHV3-6-01_IGHJ2-01_36_2.fasta
IGHV3-6-01_IGHJ2-01_36_3,./output/fasta_for_GCTree_pipeline/all_samples/IGHV3-6-01_IGHJ2-01_36_3.fasta
IGHV3-6-01_IGHJ2-01_36_4,./output/fasta_for_GCTree_pipeline/all_samples/IGHV3-6-01_IGHJ2-01_36_4.fasta
IGHV3-6-01_IGHJ2-01_42_2,./output/fasta_for_GCTree_pipeline/all_samples/IGHV3-6-01_IGHJ2-01_42_2.fasta
IGHV3-6-01_IGHJ2-01_45_1,./output/fasta_for_GCTree_pipeline/all_samples/IGHV3-6-01_IGHJ2-01_45_1.fasta
IGHV3-6-01_IGHJ2-01_45_3,./output/fasta_for_GCTree_pipeline/all_samples/IGHV3-6-01_IGHJ2-01_45_3.fasta
IGHV3-6-01_IGHJ2-01_45_4,./output/fasta_for_GCTree_pipeline/all_samples/IGHV3-6-01_IGHJ2-01_45_4.fasta
IGHV3-6-01_IGHJ2-01_54_1,./output/fasta_for_GCTree_pipeline/all_samples/IGHV3-6-01_IGHJ2-01_54_1.fasta
IGHV3-6-01_IGHJ2-01_54_2,./output/fasta_for_GCTree_pipeline/all_samples/IGHV3-6-01_IGHJ2-01_54_2.fasta
IGHV3-6-01_IGHJ3-01_33_1,./output/fasta_for_GCTree_pipeline/all_samples/IGHV3-6-01_IGHJ3-01_33_1.fasta
IGHV3-6-01_IGHJ3-01_36_1,./output/fasta_for_GCTree_pipeline/all_samples/IGHV3-6-01_IGHJ3-01_36_1.fasta
IGHV3-6-01_IGHJ3-01_36_2,./output/fasta_for_GCTree_pipeline/all_samples/IGHV3-6-01_IGHJ3-01_36_2.fasta
IGHV3-6-01_IGHJ3-01_36_3,./output/fasta_for_GCTree_pipeline/all_samples/IGHV3-6-01_IGHJ3-01_36_3.fasta
IGHV3-6-01_IGHJ3-01_36_4,./output/fasta_for_GCTree_pipeline/all_samples/IGHV3-6-01_IGHJ3-01_36_4.fasta
IGHV3-6-01_IGHJ3-01_36_5,./output/fasta_for_GCTree_pipeline/all_samples/IGHV3-6-01_IGHJ3-01_36_5.fasta
IGHV3-6-01_IGHJ3-01_36_9,./output/fasta_for_GCTree_pipeline/all_samples/IGHV3-6-01_IGHJ3-01_36_9.fasta
IGHV3-6-01_IGHJ3-01_39_1,./output/fasta_for_GCTree_pipeline/all_samples/IGHV3-6-01_IGHJ3-01_39_1.fasta
IGHV3-6-01_IGHJ3-01_42_1,./output/fasta_for_GCTree_pipeline/all_samples/IGHV3-6-01_IGHJ3-01_42_1.fasta
IGHV3-6-01_IGHJ3-01_42_2,./output/fasta_for_GCTree_pipeline/all_samples/IGHV3-6-01_IGHJ3-01_42_2.fasta
IGHV3-6-01_IGHJ4-01_36_1,./output/fasta_for_GCTree_pipeline/all_samples/IGHV3-6-01_IGHJ4-01_36_1.fasta
IGHV3-6-01_IGHJ4-01_42_1,./output/fasta_for_GCTree_pipeline/all_samples/IGHV3-6-01_IGHJ4-01_42_1.fasta
IGHV3-6-01_IGHJ4-01_45_2,./output/fasta_for_GCTree_pipeline/all_samples/IGHV3-6-01_IGHJ4-01_45_2.fasta
IGHV3-6-01_IGHJ4-01_45_4,./output/fasta_for_GCTree_pipeline/all_samples/IGHV3-6-01_IGHJ4-01_45_4.fasta
IGHV3-6-01_IGHJ4-01_54_2,./output/fasta_for_GCTree_pipeline/all_samples/IGHV3-6-01_IGHJ4-01_54_2.fasta
IGHV3-8-01_IGHJ1-03_42_1,./output/fasta_for_GCTree_pipeline/all_samples/IGHV3-8-01_IGHJ1-03_42_1.fasta
IGHV3-8-01_IGHJ1-03_42_2,./output/fasta_for_GCTree_pipeline/all_samples/IGHV3-8-01_IGHJ1-03_42_2.fasta
IGHV3-8-01_IGHJ3-01_33_1,./output/fasta_for_GCTree_pipeline/all_samples/IGHV3-8-01_IGHJ3-01_33_1.fasta
IGHV4-1-01_IGHJ1-03_42_1,./output/fasta_for_GCTree_pipeline/all_samples/IGHV4-1-01_IGHJ1-03_42_1.fasta
IGHV4-1-01_IGHJ1-03_44_1,./output/fasta_for_GCTree_pipeline/all_samples/IGHV4-1-01_IGHJ1-03_44_1.fasta
IGHV4-1-01_IGHJ1-03_54_1,./output/fasta_for_GCTree_pipeline/all_samples/IGHV4-1-01_IGHJ1-03_54_1.fasta
IGHV4-1-01_IGHJ3-01_54_1,./output/fasta_for_GCTree_pipeline/all_samples/IGHV4-1-01_IGHJ3-01_54_1.fasta
IGHV4-1-01_IGHJ4-01_45_1,./output/fasta_for_GCTree_pipeline/all_samples/IGHV4-1-01_IGHJ4-01_45_1.fasta
IGHV5-12-01_IGHJ1-03_33_1,./output/fasta_for_GCTree_pipeline/all_samples/IGHV5-12-01_IGHJ1-03_33_1.fasta
IGHV5-15-01_IGHJ4-01_51_1,./output/fasta_for_GCTree_pipeline/all_samples/IGHV5-15-01_IGHJ4-01_51_1.fasta
IGHV5-15-01_IGHJ4-01_51_2,./output/fasta_for_GCTree_pipeline/all_samples/IGHV5-15-01_IGHJ4-01_51_2.fasta
IGHV5-15-04_IGHJ2-01_39_1,./output/fasta_for_GCTree_pipeline/all_samples/IGHV5-15-04_IGHJ2-01_39_1.fasta
IGHV5-16-01_IGHJ1-01_36_1,./output/fasta_for_GCTree_pipeline/all_samples/IGHV5-16-01_IGHJ1-01_36_1.fasta
IGHV5-16-01_IGHJ1-03_36_1,./output/fasta_for_GCTree_pipeline/all_samples/IGHV5-16-01_IGHJ1-03_36_1.fasta
IGHV5-16-01_IGHJ1-03_36_2,./output/fasta_for_GCTree_pipeline/all_samples/IGHV5-16-01_IGHJ1-03_36_2.fasta
IGHV5-16-01_IGHJ1-03_39_1,./output/fasta_for_GCTree_pipeline/all_samples/IGHV5-16-01_IGHJ1-03_39_1.fasta
IGHV5-16-01_IGHJ1-03_45_1,./output/fasta_for_GCTree_pipeline/all_samples/IGHV5-16-01_IGHJ1-03_45_1.fasta
IGHV5-16-01_IGHJ2-01_51_1,./output/fasta_for_GCTree_pipeline/all_samples/IGHV5-16-01_IGHJ2-01_51_1.fasta
IGHV5-16-01_IGHJ3-01_33_1,./output/fasta_for_GCTree_pipeline/all_samples/IGHV5-16-01_IGHJ3-01_33_1.fasta
IGHV5-17-01_IGHJ2-01_36_1,./output/fasta_for_GCTree_pipeline/all_samples/IGHV5-17-01_IGHJ2-01_36_1.fasta
IGHV5-17-01_IGHJ4-01_36_1,./output/fasta_for_GCTree_pipeline/all_samples/IGHV5-17-01_IGHJ4-01_36_1.fasta
IGHV5-17-01_IGHJ4-01_36_2,./output/fasta_for_GCTree_pipeline/all_samples/IGHV5-17-01_IGHJ4-01_36_2.fasta
IGHV5-17-01_IGHJ4-01_42_1,./output/fasta_for_GCTree_pipeline/all_samples/IGHV5-17-01_IGHJ4-01_42_1.fasta
IGHV5-17-01_IGHJ4-01_42_2,./output/fasta_for_GCTree_pipeline/all_samples/IGHV5-17-01_IGHJ4-01_42_2.fasta
IGHV5-17-01_IGHJ4-01_42_3,./output/fasta_for_GCTree_pipeline/all_samples/IGHV5-17-01_IGHJ4-01_42_3.fasta
IGHV5-17-01_IGHJ4-01_45_1,./output/fasta_for_GCTree_pipeline/all_samples/IGHV5-17-01_IGHJ4-01_45_1.fasta
IGHV5-17-01_IGHJ4-01_45_2,./output/fasta_for_GCTree_pipeline/all_samples/IGHV5-17-01_IGHJ4-01_45_2.fasta
IGHV5-4-01_IGHJ1-03_42_1,./output/fasta_for_GCTree_pipeline/all_samples/IGHV5-4-01_IGHJ1-03_42_1.fasta
IGHV5-4-01_IGHJ2-01_39_1,./output/fasta_for_GCTree_pipeline/all_samples/IGHV5-4-01_IGHJ2-01_39_1.fasta
IGHV5-4-01_IGHJ2-01_45_1,./output/fasta_for_GCTree_pipeline/all_samples/IGHV5-4-01_IGHJ2-01_45_1.fasta
IGHV5-4-01_IGHJ3-01_39_1,./output/fasta_for_GCTree_pipeline/all_samples/IGHV5-4-01_IGHJ3-01_39_1.fasta
IGHV5-4-01_IGHJ3-01_39_2,./output/fasta_for_GCTree_pipeline/all_samples/IGHV5-4-01_IGHJ3-01_39_2.fasta
IGHV5-4-01_IGHJ4-01_42_1,./output/fasta_for_GCTree_pipeline/all_samples/IGHV5-4-01_IGHJ4-01_42_1.fasta
IGHV5-4-01_IGHJ4-01_42_2,./output/fasta_for_GCTree_pipeline/all_samples/IGHV5-4-01_IGHJ4-01_42_2.fasta
IGHV5-4-01_IGHJ4-01_42_3,./output/fasta_for_GCTree_pipeline/all_samples/IGHV5-4-01_IGHJ4-01_42_3.fasta
IGHV5-4-01_IGHJ4-01_45_1,./output/fasta_for_GCTree_pipeline/all_samples/IGHV5-4-01_IGHJ4-01_45_1.fasta
IGHV5-6-01_IGHJ1-03_54_1,./output/fasta_for_GCTree_pipeline/all_samples/IGHV5-6-01_IGHJ1-03_54_1.fasta
IGHV5-6-01_IGHJ4-01_36_2,./output/fasta_for_GCTree_pipeline/all_samples/IGHV5-6-01_IGHJ4-01_36_2.fasta
IGHV5-6-01_IGHJ4-01_36_3,./output/fasta_for_GCTree_pipeline/all_samples/IGHV5-6-01_IGHJ4-01_36_3.fasta
IGHV5-6-01_IGHJ4-01_42_1,./output/fasta_for_GCTree_pipeline/all_samples/IGHV5-6-01_IGHJ4-01_42_1.fasta
IGHV5-9-01_IGHJ2-01_33_1,./output/fasta_for_GCTree_pipeline/all_samples/IGHV5-9-01_IGHJ2-01_33_1.fasta
IGHV5-9-01_IGHJ4-01_18_1,./output/fasta_for_GCTree_pipeline/all_samples/IGHV5-9-01_IGHJ4-01_18_1.fasta
IGHV5-9-01_IGHJ4-01_54_1,./output/fasta_for_GCTree_pipeline/all_samples/IGHV5-9-01_IGHJ4-01_54_1.fasta
IGHV5-9_IGHJ2-01_42_1,./output/fasta_for_GCTree_pipeline/all_samples/IGHV5-9_IGHJ2-01_42_1.fasta
IGHV5-9_IGHJ4-01_42_1,./output/fasta_for_GCTree_pipeline/all_samples/IGHV5-9_IGHJ4-01_42_1.fasta
IGHV6-3-01_IGHJ1-03_57_1,./output/fasta_for_GCTree_pipeline/all_samples/IGHV6-3-01_IGHJ1-03_57_1.fasta
IGHV6-3-01_IGHJ2-01_24_1,./output/fasta_for_GCTree_pipeline/all_samples/IGHV6-3-01_IGHJ2-01_24_1.fasta
IGHV6-3-01_IGHJ2-01_27_1,./output/fasta_for_GCTree_pipeline/all_samples/IGHV6-3-01_IGHJ2-01_27_1.fasta
IGHV6-3-01_IGHJ2-01_33_1,./output/fasta_for_GCTree_pipeline/all_samples/IGHV6-3-01_IGHJ2-01_33_1.fasta
IGHV6-3-01_IGHJ3-01_33_1,./output/fasta_for_GCTree_pipeline/all_samples/IGHV6-3-01_IGHJ3-01_33_1.fasta
IGHV6-3-01_IGHJ3-01_36_1,./output/fasta_for_GCTree_pipeline/all_samples/IGHV6-3-01_IGHJ3-01_36_1.fasta
IGHV6-3-01_IGHJ3-01_42_1,./output/fasta_for_GCTree_pipeline/all_samples/IGHV6-3-01_IGHJ3-01_42_1.fasta
IGHV6-3-01_IGHJ3-01_42_2,./output/fasta_for_GCTree_pipeline/all_samples/IGHV6-3-01_IGHJ3-01_42_2.fasta
IGHV6-3-01_IGHJ4-01_27_1,./output/fasta_for_GCTree_pipeline/all_samples/IGHV6-3-01_IGHJ4-01_27_1.fasta
IGHV6-3-01_IGHJ4-01_42_2,./output/fasta_for_GCTree_pipeline/all_samples/IGHV6-3-01_IGHJ4-01_42_2.fasta
IGHV6-3-01_IGHJ4-01_45_1,./output/fasta_for_GCTree_pipeline/all_samples/IGHV6-3-01_IGHJ4-01_45_1.fasta
IGHV6-3-01_IGHJ4-01_51_1,./output/fasta_for_GCTree_pipeline/all_samples/IGHV6-3-01_IGHJ4-01_51_1.fasta
IGHV6-6-01_IGHJ3-01_24_1,./output/fasta_for_GCTree_pipeline/all_samples/IGHV6-6-01_IGHJ3-01_24_1.fasta
IGHV6-6-01_IGHJ4-01_36_1,./output/fasta_for_GCTree_pipeline/all_samples/IGHV6-6-01_IGHJ4-01_36_1.fasta
IGHV6-6-01_IGHJ4-01_36_2,./output/fasta_for_GCTree_pipeline/all_samples/IGHV6-6-01_IGHJ4-01_36_2.fasta
IGHV7-1-01_IGHJ4-01_39_1,./output/fasta_for_GCTree_pipeline/all_samples/IGHV7-1-01_IGHJ4-01_39_1.fasta
IGHV7-1-01_IGHJ4-01_39_2,./output/fasta_for_GCTree_pipeline/all_samples/IGHV7-1-01_IGHJ4-01_39_2.fasta
IGHV7-3-01_IGHJ1-03_33_1,./output/fasta_for_GCTree_pipeline/all_samples/IGHV7-3-01_IGHJ1-03_33_1.fasta
IGHV7-3-01_IGHJ1-03_42_1,./output/fasta_for_GCTree_pipeline/all_samples/IGHV7-3-01_IGHJ1-03_42_1.fasta
IGHV7-3-01_IGHJ2-01_39_1,./output/fasta_for_GCTree_pipeline/all_samples/IGHV7-3-01_IGHJ2-01_39_1.fasta
IGHV7-3-01_IGHJ2-01_42_1,./output/fasta_for_GCTree_pipeline/all_samples/IGHV7-3-01_IGHJ2-01_42_1.fasta
IGHV7-3-01_IGHJ2-01_51_1,./output/fasta_for_GCTree_pipeline/all_samples/IGHV7-3-01_IGHJ2-01_51_1.fasta
IGHV7-3-01_IGHJ2-01_51_2,./output/fasta_for_GCTree_pipeline/all_samples/IGHV7-3-01_IGHJ2-01_51_2.fasta
IGHV7-3-01_IGHJ3-01_42_1,./output/fasta_for_GCTree_pipeline/all_samples/IGHV7-3-01_IGHJ3-01_42_1.fasta
IGHV8-12-01_IGHJ1-03_57_1,./output/fasta_for_GCTree_pipeline/all_samples/IGHV8-12-01_IGHJ1-03_57_1.fasta
IGHV8-12-01_IGHJ1-03_57_2,./output/fasta_for_GCTree_pipeline/all_samples/IGHV8-12-01_IGHJ1-03_57_2.fasta
IGHV8-12-01_IGHJ2-01_45_1,./output/fasta_for_GCTree_pipeline/all_samples/IGHV8-12-01_IGHJ2-01_45_1.fasta
IGHV8-12-01_IGHJ2-01_48_1,./output/fasta_for_GCTree_pipeline/all_samples/IGHV8-12-01_IGHJ2-01_48_1.fasta
IGHV8-12-01_IGHJ4-01_48_1,./output/fasta_for_GCTree_pipeline/all_samples/IGHV8-12-01_IGHJ4-01_48_1.fasta
IGHV8-12-01_IGHJ4-01_48_3,./output/fasta_for_GCTree_pipeline/all_samples/IGHV8-12-01_IGHJ4-01_48_3.fasta
IGHV8-12-01_IGHJ4-01_54_1,./output/fasta_for_GCTree_pipeline/all_samples/IGHV8-12-01_IGHJ4-01_54_1.fasta
IGHV8-8-01_IGHJ1-03_57_1,./output/fasta_for_GCTree_pipeline/all_samples/IGHV8-8-01_IGHJ1-03_57_1.fasta
IGHV8-8-01_IGHJ1-03_57_2,./output/fasta_for_GCTree_pipeline/all_samples/IGHV8-8-01_IGHJ1-03_57_2.fasta
IGHV8-8-01_IGHJ2-01_18_1,./output/fasta_for_GCTree_pipeline/all_samples/IGHV8-8-01_IGHJ2-01_18_1.fasta
IGHV8-8-01_IGHJ2-01_42_1,./output/fasta_for_GCTree_pipeline/all_samples/IGHV8-8-01_IGHJ2-01_42_1.fasta
IGHV8-8-01_IGHJ2-01_42_2,./output/fasta_for_GCTree_pipeline/all_samples/IGHV8-8-01_IGHJ2-01_42_2.fasta
IGHV8-8-01_IGHJ2-01_42_3,./output/fasta_for_GCTree_pipeline/all_samples/IGHV8-8-01_IGHJ2-01_42_3.fasta
IGHV8-8-01_IGHJ2-01_42_4,./output/fasta_for_GCTree_pipeline/all_samples/IGHV8-8-01_IGHJ2-01_42_4.fasta
IGHV8-8-01_IGHJ2-01_45_1,./output/fasta_for_GCTree_pipeline/all_samples/IGHV8-8-01_IGHJ2-01_45_1.fasta
IGHV8-8-01_IGHJ2-01_45_2,./output/fasta_for_GCTree_pipeline/all_samples/IGHV8-8-01_IGHJ2-01_45_2.fasta
IGHV8-8-01_IGHJ2-01_45_3,./output/fasta_for_GCTree_pipeline/all_samples/IGHV8-8-01_IGHJ2-01_45_3.fasta
IGHV8-8-01_IGHJ2-01_54_1,./output/fasta_for_GCTree_pipeline/all_samples/IGHV8-8-01_IGHJ2-01_54_1.fasta
IGHV8-8-01_IGHJ3-01_45_1,./output/fasta_for_GCTree_pipeline/all_samples/IGHV8-8-01_IGHJ3-01_45_1.fasta
IGHV8-8-01_IGHJ4-01_39_1,./output/fasta_for_GCTree_pipeline/all_samples/IGHV8-8-01_IGHJ4-01_39_1.fasta
IGHV8-8-01_IGHJ4-01_48_1,./output/fasta_for_GCTree_pipeline/all_samples/IGHV8-8-01_IGHJ4-01_48_1.fasta
IGHV9-2-01_IGHJ1-03_39_1,./output/fasta_for_GCTree_pipeline/all_samples/IGHV9-2-01_IGHJ1-03_39_1.fasta
IGHV9-2-01_IGHJ2-01_51_1,./output/fasta_for_GCTree_pipeline/all_samples/IGHV9-2-01_IGHJ2-01_51_1.fasta
IGHV9-2-01_IGHJ4-01_36_1,./output/fasta_for_GCTree_pipeline/all_samples/IGHV9-2-01_IGHJ4-01_36_1.fasta
IGHV9-2-01_IGHJ4-01_36_2,./output/fasta_for_GCTree_pipeline/all_samples/IGHV9-2-01_IGHJ4-01_36_2.fasta
IGHV9-2-01_IGHJ4-01_36_3,./output/fasta_for_GCTree_pipeline/all_samples/IGHV9-2-01_IGHJ4-01_36_3.fasta
IGHV9-3-01_IGHJ1-03_39_1,./output/fasta_for_GCTree_pipeline/all_samples/IGHV9-3-01_IGHJ1-03_39_1.fasta
IGHV9-3-01_IGHJ1-03_39_2,./output/fasta_for_GCTree_pipeline/all_samples/IGHV9-3-01_IGHJ1-03_39_2.fasta
IGHV9-3-01_IGHJ1-03_57_1,./output/fasta_for_GCTree_pipeline/all_samples/IGHV9-3-01_IGHJ1-03_57_1.fasta
IGHV9-3-01_IGHJ1-03_57_2,./output/fasta_for_GCTree_pipeline/all_samples/IGHV9-3-01_IGHJ1-03_57_2.fasta
IGHV9-3-01_IGHJ1-03_57_3,./output/fasta_for_GCTree_pipeline/all_samples/IGHV9-3-01_IGHJ1-03_57_3.fasta
IGHV9-3-01_IGHJ1-03_57_4,./output/fasta_for_GCTree_pipeline/all_samples/IGHV9-3-01_IGHJ1-03_57_4.fasta
IGHV9-3-01_IGHJ2-01_27_1,./output/fasta_for_GCTree_pipeline/all_samples/IGHV9-3-01_IGHJ2-01_27_1.fasta
IGHV9-3-01_IGHJ2-01_30_2,./output/fasta_for_GCTree_pipeline/all_samples/IGHV9-3-01_IGHJ2-01_30_2.fasta
IGHV9-3-01_IGHJ2-01_36_1,./output/fasta_for_GCTree_pipeline/all_samples/IGHV9-3-01_IGHJ2-01_36_1.fasta
IGHV9-3-01_IGHJ2-01_36_2,./output/fasta_for_GCTree_pipeline/all_samples/IGHV9-3-01_IGHJ2-01_36_2.fasta
IGHV9-3-01_IGHJ2-01_36_4,./output/fasta_for_GCTree_pipeline/all_samples/IGHV9-3-01_IGHJ2-01_36_4.fasta
IGHV9-3-01_IGHJ2-01_39_1,./output/fasta_for_GCTree_pipeline/all_samples/IGHV9-3-01_IGHJ2-01_39_1.fasta
IGHV9-3-01_IGHJ2-01_39_2,./output/fasta_for_GCTree_pipeline/all_samples/IGHV9-3-01_IGHJ2-01_39_2.fasta
IGHV9-3-01_IGHJ2-01_39_5,./output/fasta_for_GCTree_pipeline/all_samples/IGHV9-3-01_IGHJ2-01_39_5.fasta
IGHV9-3-01_IGHJ2-01_42_2,./output/fasta_for_GCTree_pipeline/all_samples/IGHV9-3-01_IGHJ2-01_42_2.fasta
IGHV9-3-01_IGHJ2-01_51_1,./output/fasta_for_GCTree_pipeline/all_samples/IGHV9-3-01_IGHJ2-01_51_1.fasta
IGHV9-3-01_IGHJ2-01_51_2,./output/fasta_for_GCTree_pipeline/all_samples/IGHV9-3-01_IGHJ2-01_51_2.fasta
IGHV9-3-01_IGHJ3-01_39_1,./output/fasta_for_GCTree_pipeline/all_samples/IGHV9-3-01_IGHJ3-01_39_1.fasta
IGHV9-3-01_IGHJ3-01_41_1,./output/fasta_for_GCTree_pipeline/all_samples/IGHV9-3-01_IGHJ3-01_41_1.fasta
IGHV9-3-01_IGHJ3-01_42_1,./output/fasta_for_GCTree_pipeline/all_samples/IGHV9-3-01_IGHJ3-01_42_1.fasta
IGHV9-3-01_IGHJ3-01_48_1,./output/fasta_for_GCTree_pipeline/all_samples/IGHV9-3-01_IGHJ3-01_48_1.fasta
IGHV9-3-01_IGHJ3-01_48_2,./output/fasta_for_GCTree_pipeline/all_samples/IGHV9-3-01_IGHJ3-01_48_2.fasta
IGHV9-3-01_IGHJ3-01_48_3,./output/fasta_for_GCTree_pipeline/all_samples/IGHV9-3-01_IGHJ3-01_48_3.fasta
IGHV9-3-01_IGHJ3-01_48_4,./output/fasta_for_GCTree_pipeline/all_samples/IGHV9-3-01_IGHJ3-01_48_4.fasta
IGHV9-3-01_IGHJ3-01_48_5,./output/fasta_for_GCTree_pipeline/all_samples/IGHV9-3-01_IGHJ3-01_48_5.fasta
IGHV9-3-01_IGHJ4-01_36_1,./output/fasta_for_GCTree_pipeline/all_samples/IGHV9-3-01_IGHJ4-01_36_1.fasta
IGHV9-3-01_IGHJ4-01_36_2,./output/fasta_for_GCTree_pipeline/all_samples/IGHV9-3-01_IGHJ4-01_36_2.fasta
IGHV9-3-01_IGHJ4-01_39_1,./output/fasta_for_GCTree_pipeline/all_samples/IGHV9-3-01_IGHJ4-01_39_1.fasta
IGHV9-3-01_IGHJ4-01_39_2,./output/fasta_for_GCTree_pipeline/all_samples/IGHV9-3-01_IGHJ4-01_39_2.fasta
IGHV9-3-01_IGHJ4-01_48_1,./output/fasta_for_GCTree_pipeline/all_samples/IGHV9-3-01_IGHJ4-01_48_1.fasta
IGHV9-3_IGHJ3-01_42_1,./output/fasta_for_GCTree_pipeline/all_samples/IGHV9-3_IGHJ3-01_42_1.fasta
IGHV9-4-01_IGHJ2-01_48_1,./output/fasta_for_GCTree_pipeline/all_samples/IGHV9-4-01_IGHJ2-01_48_1.fasta
IGHV9-4-01_IGHJ3-01_36_1,./output/fasta_for_GCTree_pipeline/all_samples/IGHV9-4-01_IGHJ3-01_36_1.fasta